icao,location,name,fullname,registration,downloadlink,imagelink,range,weight,cruise,maxpax,maxcargo,enabled,rank
,VIDP,,,,,,0,0,0,0,0,0,
A124,VIDP,AN-124,"Antonov AN-124 Ruslan",VT-SF61,,VT-SF61,0,0,0,10,140000,1,
A306,VRMM,A300-600R,"Airbus A300-600R",VT-SF22,,VT-SF22,4050,170000,35000,345,0,1,
A310,OAKB,A310-300,"Airbus A310-300",VT-SF23,,VT-SF23,5150,164000,41000,265,0,1,
A318,VIDP,A318-100,"Airbus A318-100",VT-SF01,,VT-SF01,3100,68000,41000,132,0,1,
A319,VIJP,A319-112,"Airbus A319-112",VT-SCA,,VT-SCA,3750,75500,41000,134,0,1,
A319,VIDP,A319-112,"Airbus A319-112",VT-SCB,,VT-SCB,3750,75500,41000,134,0,1,
A319,VIDP,A319-112,"Airbus A319-112",VT-SCC,,VT-SCC,3750,75500,41000,134,0,1,
A319,VIDP,A319-112,"Airbus A319-112",VT-SCF,,VT-SCF,3750,75500,41000,134,0,1,
A319,VICG,A319-112,"Airbus A319-112",VT-SCG,,VT-SCG,3750,75500,41000,134,0,1,
A319,VOML,A319-112,"Airbus A319-112",VT-SCH,,VT-SCH,3750,75500,41000,134,0,1,
A319,VIDP,A319-112,"Airbus A319-112",VT-SCI,,VT-SCI,3750,75500,41000,134,0,1,
A319,VIDP,A319-112,"Airbus A319-112",VT-SCK,,VT-SCK,3750,75500,41000,134,0,1,
A319,VIDP,A319-112,"Airbus A319-112",VT-SCL,,VT-SCL,3750,75500,41000,134,0,1,
A319,VIDP,A319-112,"Airbus A319-112",VT-SCM,,VT-SCM,3750,75500,41000,134,0,1,
A319,VIDP,A319-112,"Airbus A319-112",VT-SCN,,VT-SCN,3750,75500,41000,134,0,1,
A319,VOBL,A319-112,"Airbus A319-112",VT-SCO,,VT-SCO,3750,75500,41000,134,0,1,
A319,VARK,A319-112,"Airbus A319-112",VT-SCP,,VT-SCP,3750,75500,41000,134,0,1,
A319,VIDP,A319-112,"Airbus A319-112",VT-SCR,,VT-SCR,3750,75500,41000,134,0,1,
A319,VECC,A319-112,"Airbus A319-112",VT-SCS,,VT-SCS,3750,75500,41000,134,0,1,
A319,VOMM,A319-200,"Airbus A319-200",VT-SF02,,VT-SF02,3750,75500,41000,156,0,1,
A319,VIDP,A319-2X1N,"Airbus A319-2X1N",VT-SF07,,VT-SF07,3750,75500,39000,160,0,1,
A320,VIDP,A320-232,"Airbus A320-232",VT-IFF,,https://cdn.jetphotos.com/full/6/41296_1604165907.jpg,3300,78000,41000,150,0,1,
A320,VIDP,A320-232,"Airbus A320-232",VT-IFG,,https://cdn.jetphotos.com/full/5/74521_1586260946.jpg,3300,78000,41000,150,0,1,
A320,VIDP,A320-232,"Airbus A320-232",VT-IFH,,https://cdn.jetphotos.com/full/5/95293_1617380113.jpg,3300,78000,41000,150,0,1,
A320,VIDP,A320-232,"Airbus A320-232",VT-IFI,,https://cdn.jetphotos.com/full/5/51910_1620896253.jpg,3300,78000,41000,150,0,1,
A320,VIDP,A320-232,"Airbus A320-232",VT-IFJ,,https://cdn.jetphotos.com/full/6/90968_1616858112.jpg,3300,78000,41000,150,0,1,
A320,VOCL,A320-232,"Airbus A320-232",VT-IFK,,https://cdn.jetphotos.com/full/5/32754_1609759416.jpg,3300,78000,41000,150,0,1,
A320,VIDP,A320-232,"Airbus A320-232",VT-IFL,,https://cdn.jetphotos.com/full/5/78234_1600177857.jpg,3300,78000,41000,150,0,1,
A320,VIDP,A320-232,"Airbus A320-232",VT-IFM,,https://cdn.jetphotos.com/full/6/60446_1611065524.jpg,3300,78000,41000,150,0,1,
A320,VIDP,A320-232,"Airbus A320-232",VT-IFN,,https://cdn.jetphotos.com/full/6/84254_1613972692.jpg,3300,78000,41000,150,0,1,
A320,VIDP,A320-232,"Airbus A320-232",VT-IFO,,https://cdn.jetphotos.com/full/6/42208_1578836064.jpg,3300,78000,41000,150,0,1,
A320,OMAA,A320-232,"Airbus A320-232",VT-IFP,,https://cdn.jetphotos.com/full/5/16579_1586037182.jpg,3300,78000,41000,150,0,1,
A320,VOBL,A320-232,"Airbus A320-232",VT-IFQ,,https://cdn.jetphotos.com/full/5/32270_1619569644.jpg,3300,78000,41000,150,0,1,
A320,VIDP,A320-232,"Airbus A320-232",VT-IFR,,https://cdn.jetphotos.com/full/5/11913_1617523776.jpg,3300,78000,41000,150,0,1,
A320,VOBL,A320-232,"Airbus A320-232",VT-IFS,,https://cdn.jetphotos.com/full/5/29695_1576159358.jpg,3300,78000,41000,150,0,1,
A320,VIDP,A320-232,"Airbus A320-232",VT-IFT,,https://cdn.jetphotos.com/full/5/65423_1603914668.jpg,3300,78000,41000,150,0,1,
A320,VIDP,A320-232,"Airbus A320-232",VT-IFU,,https://cdn.jetphotos.com/full/6/37485_1610818318.jpg,3300,78000,41000,150,0,1,
A320,VIDP,A320-214,"Airbus A320-214",VT-EDC,,https://cdn.jetphotos.com/full/6/69498_1580617559.jpg,3300,78000,41000,150,0,1,
A320,VIDP,A320-232,"Airbus A320-232",VT-IFV,,https://cdn.jetphotos.com/full/5/33633_1563166963.jpg,3300,78000,41000,150,0,1,
A320,VIDP,A320-232,"Airbus A320-232",VT-TTB,,VT-TTB,3300,78000,41000,150,0,1,
A320,VIDP,A320-214,"Airbus A320-214",VT-EDD,,https://cdn.jetphotos.com/full/5/12518_1607447774.jpg,3300,78000,41000,150,0,1,
A320,VIDP,A320-232,"Airbus A320-232",VT-IFX,,https://cdn.jetphotos.com/full/5/31420_1610734898.jpg,3300,78000,41000,150,0,1,
A320,VIDP,A320-232,"Airbus A320-232",VT-TTC,,VT-TTC,3300,78000,41000,150,0,1,
A320,VIDP,A320-214,"Airbus A320-214",VT-EDE,,https://cdn.jetphotos.com/full/5/82058_1602714530.jpg,3300,78000,41000,150,0,1,
A320,WSSS,A320-232,"Airbus A320-232",VT-IFY,,https://cdn.jetphotos.com/full/6/36637_1609917844.jpg,3300,78000,41000,150,0,1,
A320,VIDP,A320-232,"Airbus A320-232",VT-TTD,,VT-TTD,3300,78000,41000,150,0,1,
A320,VIDP,A320-214,"Airbus A320-214",VT-EDF,,https://cdn.jetphotos.com/full/6/47912_1519290629.jpg,3300,78000,41000,150,0,1,
A320,VIDP,A320-232,"Airbus A320-232",VT-IFZ,,https://cdn.jetphotos.com/full/6/35580_1605618038.jpg,3300,78000,41000,150,0,1,
A320,VIDP,A320-232,"Airbus A320-232",VT-TTE,,VT-TTE,3300,78000,41000,150,0,1,
A320,VOGO,A320-214,"Airbus A320-214",VT-EXA,,https://cdn.jetphotos.com/full/5/39853_1577910481.jpg,3300,78000,41000,150,0,1,
A320,VABB,A320-232,"Airbus A320-232",VT-IGH,,https://cdn.jetphotos.com/full/6/68767_1587188122.jpg,3300,78000,41000,150,0,1,
A320,VIDP,A320-232,"Airbus A320-232",VT-TTF,,VT-TTF,3300,78000,41000,150,0,1,
A320,VOMM,A320-214,"Airbus A320-214",VT-EXB,,https://cdn.jetphotos.com/full/6/35722_1595699274.jpg,3300,78000,41000,150,0,1,
A320,VIDP,A320-232,"Airbus A320-232",VT-IGI,,https://cdn.jetphotos.com/full/5/11641_1591961469.jpg,3300,78000,41000,150,0,1,
A320,VCBI,A320-232,"Airbus A320-232",VT-TTH,,VT-TTH,3300,78000,41000,150,0,1,
A320,VIDP,A320-214,"Airbus A320-214",VT-EXC,,https://cdn.jetphotos.com/full/5/67973_1613566147.jpg,3300,78000,41000,150,0,1,
A320,VIDP,A320-232,"Airbus A320-232",VT-IGJ,,https://cdn.jetphotos.com/full/5/74852_1585583002.jpg,3300,78000,41000,150,0,1,
A320,VIDP,A320-232,"Airbus A320-232",VT-TTK,,VT-TTK,3300,78000,41000,150,0,1,
A320,VNKT,A320-214,"Airbus A320-214",VT-EXD,,https://cdn.jetphotos.com/full/5/52835_1605515908.jpg,3300,78000,41000,150,0,1,
A320,VIDP,A320-232,"Airbus A320-232",VT-IGK,,https://cdn.jetphotos.com/full/5/88223_1561087731.jpg,3300,78000,41000,150,0,1,
A320,VIDP,A320-232,"Airbus A320-232",VT-TTL,,VT-TTL,3300,78000,41000,150,0,1,
A320,VIDP,A320-214,"Airbus A320-214",VT-EXE,,https://cdn.jetphotos.com/full/6/92441_1619117759.jpg,3300,78000,41000,150,0,1,
A320,VIDP,A320-232,"Airbus A320-232",VT-IGL,,https://cdn.jetphotos.com/full/6/86675_1542611961.jpg,3300,78000,41000,150,0,1,
A320,VIDP,A320-232,"Airbus A320-232",VT-TTM,,VT-TTM,3300,78000,41000,150,0,1,
A320,VIDP,A320-251N,"Airbus A320-251N",VT-CID,,https://cdn.jetphotos.com/full/5/36936_1607447711.jpg,3300,78000,41000,150,0,1,
A320,VIDP,A320-232,"Airbus A320-232",VT-IGS,,https://cdn.jetphotos.com/full/6/57153_1603124584.jpg,3300,78000,41000,150,0,1,
A320,VIDP,A320-251N,"Airbus A320-251N",VT-ATV,,https://cdn.jetphotos.com/full/5/54751_1620896587.jpg,3300,78000,41000,150,0,1,
A320,VIDP,A320-251N,"Airbus A320-251N",VT-CIE,,https://cdn.jetphotos.com/full/5/56850_1617337674.jpg,3300,78000,41000,150,0,1,
A320,VIDP,A320-232,"Airbus A320-232",VT-IGT,,https://cdn.jetphotos.com/full/5/83792_1577911075.jpg,3300,78000,41000,150,0,1,
A320,VIDP,A320-251N,"Airbus A320-251N",VT-TNB,,VT-TNB,3300,78000,41000,150,0,1,
A320,VIDP,A320-251N,"Airbus A320-251N",VT-CIF,,https://cdn.jetphotos.com/full/5/36875_1601288985.jpg,3300,78000,41000,150,0,1,
A320,VIDP,A320-232,"Airbus A320-232",VT-IGU,,https://cdn.jetphotos.com/full/5/10499_1557843799.jpg,3300,78000,41000,150,0,1,
A320,VIDP,A320-251N,"Airbus A320-251N",VT-TNC,,VT-TNC,3300,78000,41000,150,0,1,
A320,VIDP,A320-251N,"Airbus A320-251N",VT-CIG,,https://cdn.jetphotos.com/full/5/99049_1611925326.jpg,3300,78000,41000,150,0,1,
A320,VIDP,A320-232,"Airbus A320-232",VT-IGV,,https://cdn.jetphotos.com/full/5/59215_1581066157.jpg,3300,78000,41000,150,0,1,
A320,VIDP,A320-251N,"Airbus A320-251N",VT-TNE,,VT-TNE,3300,78000,41000,150,0,1,
A320,VIDP,A320-251N,"Airbus A320-251N",VT-CIH,,https://cdn.jetphotos.com/full/5/20553_1607091276.jpg,3300,78000,41000,150,0,1,
A320,VIDP,A320-232,"Airbus A320-232",VT-IGW,,https://cdn.jetphotos.com/full/5/64935_1593166030.jpg,3300,78000,41000,150,0,1,
A320,VIDP,A320-251N,"Airbus A320-251N",VT-TNF,,VT-TNF,3300,78000,41000,150,0,1,
A320,VIDP,A320-251N,"Airbus A320-251N",VT-CIM,,https://cdn.jetphotos.com/full/6/62066_1607447741.jpg,3300,78000,41000,150,0,1,
A320,VIAR,A320-232,"Airbus A320-232",VT-IGX,,https://cdn.jetphotos.com/full/5/92767_1594559933.jpg,3300,78000,41000,150,0,1,
A320,VOMM,A320-251N,"Airbus A320-251N",VT-TNH,,VT-TNH,3300,78000,41000,150,0,1,
A320,VIDP,A320-251N,"Airbus A320-251N",VT-CIN,,https://cdn.jetphotos.com/full/5/39933_1617652514.jpg,3300,78000,41000,150,0,1,
A320,VIDP,A320-232,"Airbus A320-232",VT-IGY,,https://cdn.jetphotos.com/full/6/89327_1592734388.jpg,3300,78000,41000,150,0,1,
A320,VIDP,A320-251N,"Airbus A320-251N",VT-TNI,,VT-TNI,3300,78000,41000,150,0,1,
A320,VIDP,A320-251N,"Airbus A320-251N",VT-CIO,,https://cdn.jetphotos.com/full/6/34567_1606377354.jpg,3300,78000,41000,150,0,1,
A320,VIDP,A320-232,"Airbus A320-232",VT-IGZ,,https://cdn.jetphotos.com/full/5/21329_1559588354.jpg,3300,78000,41000,150,0,1,
A320,VIDP,A320-251N,"Airbus A320-251N",VT-TNL,,VT-TNL,3300,78000,41000,150,0,1,
A320,VABB,A320-251N,"Airbus A320-251N",VT-CIP,,https://cdn.jetphotos.com/full/5/75049_1595325119.jpg,3300,78000,41000,150,0,1,
A320,VIDP,A320-232,"Airbus A320-232",VT-IHA,,https://cdn.jetphotos.com/full/5/65349_1557985700.jpg,3300,78000,41000,150,0,1,
A320,VIDP,A320-251N,"Airbus A320-251N",VT-TNN,,VT-TNN,3300,78000,41000,150,0,1,
A320,VIDP,A320-251N,"Airbus A320-251N",VT-CIQ,,https://cdn.jetphotos.com/full/5/79779_1597897183.jpg,3300,78000,41000,150,0,1,
A320,VIDP,A320-232,"Airbus A320-232",VT-IHD,,https://cdn.jetphotos.com/full/5/82840_1542190538.jpg,3300,78000,41000,150,0,1,
A320,VIDP,A320-251N,"Airbus A320-251N",VT-TNP,,VT-TNP,3300,78000,41000,150,0,1,
A320,VIDP,A320-251N,"Airbus A320-251N",VT-EXF,,https://cdn.jetphotos.com/full/5/32214_1618249120.jpg,3300,78000,41000,150,0,1,
A320,VOMM,A320-232,"Airbus A320-232",VT-IHE,,https://cdn.jetphotos.com/full/5/57234_1586503110.jpg,3300,78000,41000,150,0,1,
A320,VIDP,A320-251N,"Airbus A320-251N",VT-TNQ,,VT-TNQ,3300,78000,41000,150,0,1,
A320,VIDP,A320-251N,"Airbus A320-251N",VT-EXG,,https://cdn.jetphotos.com/full/5/76927_1609949017.jpg,3300,78000,41000,150,0,1,
A320,VIDP,A320-232,"Airbus A320-232",VT-IHF,,https://cdn.jetphotos.com/full/6/14346_1526197279.jpg,3300,78000,41000,150,0,1,
A320,VIDP,A320-251N,"Airbus A320-251N",VT-TNR,,VT-TNR,3300,78000,41000,150,0,1,
A320,VIDP,A320-251N,"Airbus A320-251N",VT-EXH,,https://cdn.jetphotos.com/full/5/11816_1592923616.jpg,3300,78000,41000,150,0,1,
A320,VIDP,A320-232,"Airbus A320-232",VT-IHJ,,https://cdn.jetphotos.com/full/5/15326_1528475363.jpg,3300,78000,41000,150,0,1,
A320,VOMM,A320-251N,"Airbus A320-251N",VT-EXI,,https://cdn.jetphotos.com/full/5/82167_1621778081.jpg,3300,78000,41000,150,0,1,
A320,VOML,A320-232,"Airbus A320-232",VT-IHK,,https://cdn.jetphotos.com/full/6/83968_1563797914.jpg,3300,78000,41000,150,0,1,
A320,VIDP,A320-251N,"Airbus A320-251N",VT-EXJ,,https://cdn.jetphotos.com/full/5/16678_1620192817.jpg,3300,78000,41000,150,0,1,
A320,VIDP,A320-232,"Airbus A320-232",VT-IHM,,https://cdn.jetphotos.com/full/6/76166_1602713721.jpg,3300,78000,41000,150,0,1,
A320,VIDP,A320-251N,"Airbus A320-251N",VT-EXK,,https://cdn.jetphotos.com/full/6/55488_1615567657.jpg,3300,78000,41000,150,0,1,
A320,VRMM,A320-232,"Airbus A320-232",VT-IHQ,,https://cdn.jetphotos.com/full/6/72843_1614836715.jpg,3300,78000,41000,150,0,1,
A320,VIDP,A320-251N,"Airbus A320-251N",VT-EXL,,https://cdn.jetphotos.com/full/6/97915_1615567713.jpg,3300,78000,41000,150,0,1,
A320,VIDP,A320-232,"Airbus A320-232",VT-IHR,,https://cdn.jetphotos.com/full/6/84267_1606118940.jpg,3300,78000,41000,150,0,1,
A320,VIDP,A320-251N,"Airbus A320-251N",VT-EXM,,https://cdn.jetphotos.com/full/6/35230_1607874164.jpg,3300,78000,41000,150,0,1,
A320,VIDP,A320-232,"Airbus A320-232",VT-IHS,,https://cdn.jetphotos.com/full/6/22670_1558172663.jpg,3300,78000,41000,150,0,1,
A320,VIDP,A320-251N,"Airbus A320-251N",VT-EXN,,https://cdn.jetphotos.com/full/6/23237_1601288675.jpg,3300,78000,41000,150,0,1,
A320,VIDP,A320-232,"Airbus A320-232",VT-IHU,,https://cdn.jetphotos.com/full/5/70568_1537450590.jpg,3300,78000,41000,150,0,1,
A320,VOMM,A320-251N,"Airbus A320-251N",VT-EXO,,https://cdn.jetphotos.com/full/6/49256_1598287122.jpg,3300,78000,41000,150,0,1,
A320,VIDP,A320-232,"Airbus A320-232",VT-IHV,,https://cdn.jetphotos.com/full/5/15067_1552596636.jpg,3300,78000,41000,150,0,1,
A320,VIDP,A320-251N,"Airbus A320-251N",VT-EXP,,https://cdn.jetphotos.com/full/5/75185_1606216517.jpg,3300,78000,41000,150,0,1,
A320,VIDP,A320-232,"Airbus A320-232",VT-IHW,,https://cdn.jetphotos.com/full/5/74425_1593860815.jpg,3300,78000,41000,150,0,1,
A320,VIDP,A320-251N,"Airbus A320-251N",VT-EXQ,,https://cdn.jetphotos.com/full/5/89110_1601370345.jpg,3300,78000,41000,150,0,1,
A320,VIDP,A320-232,"Airbus A320-232",VT-IHX,,https://cdn.jetphotos.com/full/6/30390_1614623157.jpg,3300,78000,41000,150,0,1,
A320,VIDP,A320-251N,"Airbus A320-251N",VT-EXR,,https://cdn.jetphotos.com/full/6/86062_1612809325.jpg,3300,78000,41000,150,0,1,
A320,VOGO,A320-232,"Airbus A320-232",VT-IHY,,https://cdn.jetphotos.com/full/6/73777_1585878698.jpg,3300,78000,41000,150,0,1,
A320,VABB,A320-251N,"Airbus A320-251N",VT-EXS,,https://cdn.jetphotos.com/full/5/57046_1610818533.jpg,3300,78000,41000,150,0,1,
A320,VIDP,A320-232,"Airbus A320-232",VT-IHZ,,https://cdn.jetphotos.com/full/6/81908_1608911460.jpg,3300,78000,41000,150,0,1,
A320,VEGT,A320-251N,"Airbus A320-251N",VT-EXT,,https://cdn.jetphotos.com/full/6/33192_1617627758.jpg,3300,78000,41000,150,0,1,
A320,VIDP,A320-232,"Airbus A320-232",VT-IKA,,https://cdn.jetphotos.com/full/5/89392_1584436933.jpg,3300,78000,41000,150,0,1,
A320,VIDP,A320-251N,"Airbus A320-251N",VT-EXU,,https://cdn.jetphotos.com/full/6/51054_1613578108.jpg,3300,78000,41000,150,0,1,
A320,VICG,A320-232,"Airbus A320-232",VT-IKB,,https://cdn.jetphotos.com/full/5/93180_1568523942.jpg,3300,78000,41000,150,0,1,
A320,VRMM,A320-251N,"Airbus A320-251N",VT-EXV,,https://cdn.jetphotos.com/full/6/40883_1612861777.jpg,3300,78000,41000,150,0,1,
A320,VIDP,A320-232,"Airbus A320-232",VT-IKC,,https://cdn.jetphotos.com/full/6/69464_1605698023.jpg,3300,78000,41000,150,0,1,
A320,VIDP,A320-251N,"Airbus A320-251N",VT-SF4,,VT-SF4,3300,78000,41000,150,0,1,
A320,VIDP,A320-232,"Airbus A320-232",VT-IKD,,https://cdn.jetphotos.com/full/5/96070_1555945541.jpg,3300,78000,41000,150,0,1,
A320,VOCB,A320-214,"Airbus A320-214",VT-SF3,,VT-SF3,3300,78000,41000,150,0,1,
A320,VOHS,A320-232,"Airbus A320-232",VT-IKE,,https://cdn.jetphotos.com/full/5/96070_1555945541.jpg,3300,78000,41000,150,0,1,
A320,OERK,A320-232,"Airbus A320-232",VT-SF2,,VT-SF2,3300,78000,41000,150,0,1,
A320,VIDP,A320-232,"Airbus A320-232",VT-IKI,,https://cdn.jetphotos.com/full/6/24301_1590741628.jpg,3300,78000,41000,150,0,1,
A320,VIDP,A320-232,"Airbus A320-232",VT-INP,,https://cdn.jetphotos.com/full/6/13409_1468004496.jpg,3300,78000,41000,150,0,1,
A320,VIDP,A320-232,"Airbus A320-232",VT-INQ,,https://cdn.jetphotos.com/full/5/40012_1544720650.jpg,3300,78000,41000,150,0,1,
A320,VIDP,A320-232,"Airbus A320-232",VT-INS,,https://cdn.jetphotos.com/full/5/10965_1595022529.jpg,3300,78000,41000,150,0,1,
A320,VOBL,A320-232,"Airbus A320-232",VT-INT,,https://cdn.jetphotos.com/full/5/64517_1620573138.jpg,3300,78000,41000,150,0,1,
A320,VIDP,A320-232,"Airbus A320-232",VT-INU,,https://cdn.jetphotos.com/full/5/50513_1609342679.jpg,3300,78000,41000,150,0,1,
A320,VIDP,A320-232,"Airbus A320-232",VT-INV,,https://cdn.jetphotos.com/full/6/96728_1622496555.jpg,3300,78000,41000,150,0,1,
A320,VABB,A320-232,"Airbus A320-232",VT-INX,,https://cdn.jetphotos.com/full/5/95415_1583056056.jpg,3300,78000,41000,150,0,1,
A320,VOPB,A320-232,"Airbus A320-232",VT-INY,,https://cdn.jetphotos.com/full/5/58751_1601129769.jpg,3300,78000,41000,150,0,1,
A320,VIDP,A320-232,"Airbus A320-232",VT-INZ,,https://cdn.jetphotos.com/full/6/64415_1574854549.jpg,3300,78000,41000,150,0,1,
A320,VIDP,A320-251N,"Airbus A320-251N",VT-IZO,,https://cdn.jetphotos.com/full/6/74614_1549305985.jpg,3300,78000,41000,150,0,1,
A320,VEBS,A320-251N,"Airbus A320-251N",VT-IZQ,,https://cdn.jetphotos.com/full/6/91133_1578835230.jpg,3300,78000,41000,150,0,1,
A320,VIDP,A320-271N,"Airbus A320-271N",VT-IJA,,https://cdn.jetphotos.com/full/5/93438_1603955440.jpg,3300,78000,41000,150,0,1,
A320,VNKT,A320-271N,"Airbus A320-271N",VT-IJB,,https://cdn.jetphotos.com/full/5/99464_1610612698.jpg,3300,78000,41000,150,0,1,
A320,VABB,A320-271N,"Airbus A320-271N",VT-IJC,,https://cdn.jetphotos.com/full/6/72964_1596650065.jpg,3300,78000,41000,150,0,1,
A320,VOTV,A320-271N,"Airbus A320-271N",VT-IJD,,https://cdn.jetphotos.com/full/5/34848_1619167655.jpg,3300,78000,41000,150,0,1,
A320,VIDP,A320-271N,"Airbus A320-271N",VT-IJE,,https://cdn.jetphotos.com/full/6/37743_1610040721.jpg,3300,78000,41000,150,0,1,
A320,VIDP,A320-271N,"Airbus A320-271N",VT-IJF,,https://cdn.jetphotos.com/full/5/49195_1617655026.jpg,3300,78000,41000,150,0,1,
A320,WSSS,A320-271N,"Airbus A320-271N",VT-IJI,,https://cdn.jetphotos.com/full/5/37356_1606880795.jpg,3300,78000,41000,150,0,1,
A320,VAAH,A320-271N,"Airbus A320-271N",VT-IJJ,,https://cdn.jetphotos.com/full/5/32681_1612360577.jpg,3300,78000,41000,150,0,1,
A320,VAAH,A320-271N,"Airbus A320-271N",VT-IJK,,https://cdn.jetphotos.com/full/5/81575_1617608806.jpg,3300,78000,41000,150,0,1,
A320,VIDP,A320-271N,"Airbus A320-271N",VT-IJM,,https://cdn.jetphotos.com/full/5/35903_1586733181.jpg,3300,78000,41000,150,0,1,
A320,VIDP,A320-271N,"Airbus A320-271N",VT-IJO,,https://cdn.jetphotos.com/full/5/38149_1612013952.jpg,3300,78000,41000,150,0,1,
A320,VIDP,A320-271N,"Airbus A320-271N",VT-IJP,,https://cdn.jetphotos.com/full/6/81837_1589382316.jpg,3300,78000,41000,150,0,1,
A320,VIDP,A320-271N,"Airbus A320-271N",VT-IJT,,https://cdn.jetphotos.com/full/5/92638_1594640076.jpg,3300,78000,41000,150,0,1,
A320,VEBD,A320-271N,"Airbus A320-271N",VT-ITA,,https://cdn.jetphotos.com/full/5/62497_1574686993.jpg,3300,78000,41000,150,0,1,
A320,VIDP,A320-271N,"Airbus A320-271N",VT-ITB,,https://cdn.jetphotos.com/full/5/39632_1594850561.jpg,3300,78000,41000,150,0,1,
A320,VOKN,A320-271N,"Airbus A320-271N",VT-ITC,,https://cdn.jetphotos.com/full/5/34490_1564731614.jpg,3300,78000,41000,150,0,1,
A320,VOBL,A320-271N,"Airbus A320-271N",VT-ITD,,https://cdn.jetphotos.com/full/5/83665_1608911749.jpg,3300,78000,41000,150,0,1,
A320,VIDP,A320-271N,"Airbus A320-271N",VT-ITE,,https://cdn.jetphotos.com/full/5/47317_1586755720.jpg,3300,78000,41000,150,0,1,
A320,VIDP,A320-271N,"Airbus A320-271N",VT-ITF,,https://cdn.jetphotos.com/full/5/52063_1620896338.jpg,3300,78000,41000,150,0,1,
A320,KEWR,A320-200,"Airbus A320-200",VT-SF03,,VT-SF03,3300,61000,41000,180,0,1,
A320,VIDP,A320-271N,"Airbus A320-271N",VT-ITG,,https://cdn.jetphotos.com/full/6/27073_1613142704.jpg,3300,78000,41000,150,0,1,
A320,VIDP,A320-271N,"Airbus A320-271N",VT-ITH,,https://cdn.jetphotos.com/full/6/60962_1609693050.jpg,3300,78000,41000,150,0,1,
A320,VIDP,A320-271N,"Airbus A320-271N",VT-ITI,,https://cdn.jetphotos.com/full/6/55854_1548039158.jpg,3300,78000,41000,150,0,1,
A320,VILK,A320-271N,"Airbus A320-271N",VT-ITJ,,https://cdn.jetphotos.com/full/5/99392_1614837430.jpg,3300,78000,41000,150,0,1,
A320,VIDP,A320-271N,"Airbus A320-271N",VT-ITK,,https://cdn.jetphotos.com/full/6/56953_1617653011.jpg,3300,78000,41000,150,0,1,
A320,VTBS,A320-2X1N,"Airbus A320-2X1N",VT-SF08,,VT-SF08,3500,79000,39000,195,0,1,
A320,VIDP,A320-271N,"Airbus A320-271N",VT-ITL,,https://cdn.jetphotos.com/full/5/94083_1599023916.jpg,3300,78000,41000,150,0,1,
A320,VOHS,A320-271N,"Airbus A320-271N",VT-ITM,,https://cdn.jetphotos.com/full/5/71760_1612605317.jpg,3300,78000,41000,150,0,1,
A320,VIDP,A320-271N,"Airbus A320-271N",VT-ITN,,https://cdn.jetphotos.com/full/5/84866_1622609356.jpg,3300,78000,41000,150,0,1,
A320,VIDP,A320-271N,"Airbus A320-271N",VT-ITO,,https://cdn.jetphotos.com/full/5/98464_1599024032.jpg,3300,78000,41000,150,0,1,
A320,VOMM,A320-271N,"Airbus A320-271N",VT-ITP,,https://cdn.jetphotos.com/full/5/17465_1582979527.jpg,3300,78000,41000,150,0,1,
A320,VIDP,A320-271N,"Airbus A320-271N",VT-ITQ,,https://cdn.jetphotos.com/full/5/25378_1559592045.jpg,3300,78000,41000,150,0,1,
A320,VIDP,A320-271N,"Airbus A320-271N",VT-ITR,,https://cdn.jetphotos.com/full/5/35047_1612605346.jpg,3300,78000,41000,150,0,1,
A320,VIDP,A320-271N,"Airbus A320-271N",VT-ITS,,https://cdn.jetphotos.com/full/6/68961_1608027937.jpg,3300,78000,41000,150,0,1,
A320,VOCI,A320-271N,"Airbus A320-271N",VT-ITT,,https://cdn.jetphotos.com/full/5/93238_1619115749.jpg,3300,78000,41000,150,0,1,
A320,VOBL,A320-271N,"Airbus A320-271N",VT-ITU,,https://cdn.jetphotos.com/full/5/80548_1584628255.jpg,3300,78000,41000,150,0,1,
A320,VIDP,A320-271N,"Airbus A320-271N",VT-ITV,,https://cdn.jetphotos.com/full/6/76346_1618800579.jpg,3300,78000,41000,150,0,1,
A320,VIDP,A320-271N,"Airbus A320-271N",VT-ITW,,https://cdn.jetphotos.com/full/6/94934_1606252418.jpg,3300,78000,41000,150,0,1,
A320,VOMM,A320-271N,"Airbus A320-271N",VT-ITX,,https://cdn.jetphotos.com/full/5/68512_1615990743.jpg,3300,78000,41000,150,0,1,
A320,VABB,A320-271N,"Airbus A320-271N",VT-ITY,,https://cdn.jetphotos.com/full/5/11863_1613907528.jpg,3300,78000,41000,150,0,1,
A320,VIDP,A320-271N,"Airbus A320-271N",VT-ITZ,,https://cdn.jetphotos.com/full/5/59961_1581070297.jpg,3300,78000,41000,150,0,1,
A320,VOBL,A320-271N,"Airbus A320-271N",VT-IVA,,https://cdn.jetphotos.com/full/6/31214_1570632802.jpg,3300,78000,41000,150,0,1,
A320,VOCI,A320-271N,"Airbus A320-271N",VT-IVB,,https://cdn.jetphotos.com/full/5/19586_1585423834.jpg,3300,78000,41000,150,0,1,
A320,VIDP,A320-271N,"Airbus A320-271N",VT-IVC,,https://cdn.jetphotos.com/full/6/73967_1611742210.jpg,3300,78000,41000,150,0,1,
A320,VOMM,A320-271N,"Airbus A320-271N",VT-IVD,,https://cdn.jetphotos.com/full/6/31649_1607048737.jpg,3300,78000,41000,150,0,1,
A320,VIDP,A320-271N,"Airbus A320-271N",VT-IVE,,https://cdn.jetphotos.com/full/6/31794_1613578358.jpg,3300,78000,41000,150,0,1,
A320,VAPO,A320-271N,"Airbus A320-271N",VT-IVF,,https://cdn.jetphotos.com/full/5/71063_1612685148.jpg,3300,78000,41000,150,0,1,
A320,VIDP,A320-271N,"Airbus A320-271N",VT-IVG,,https://cdn.jetphotos.com/full/6/52353_1606637477.jpg,3300,78000,41000,150,0,1,
A320,VIDP,A320-271N,"Airbus A320-271N",VT-IVH,,https://cdn.jetphotos.com/full/6/81563_1612693771.jpg,3300,78000,41000,150,0,1,
A320,VOHS,A320-271N,"Airbus A320-271N",VT-IVI,,https://cdn.jetphotos.com/full/5/51644_1610722956.jpg,3300,78000,41000,150,0,1,
A320,VIDP,A320-271N,"Airbus A320-271N",VT-IVJ,,https://cdn.jetphotos.com/full/6/20523_1615993924.jpg,3300,78000,41000,150,0,1,
A320,VABB,A320-271N,"Airbus A320-271N",VT-IVK,,https://cdn.jetphotos.com/full/6/86277_1607950512.jpg,3300,78000,41000,150,0,1,
A320,VOMM,A320-271N,"Airbus A320-271N",VT-IVL,,https://cdn.jetphotos.com/full/6/72022_1612693801.jpg,3300,78000,41000,150,0,1,
A320,VIDP,A320-271N,"Airbus A320-271N",VT-IVN,,https://cdn.jetphotos.com/full/5/12784_1601300623.jpg,3300,78000,41000,150,0,1,
A320,VIDP,A320-271N,"Airbus A320-271N",VT-IVO,,https://cdn.jetphotos.com/full/6/60299_1615990631.jpg,3300,78000,41000,150,0,1,
A320,VOMM,A320-271N,"Airbus A320-271N",VT-IVP,,https://cdn.jetphotos.com/full/5/43857_1580930807.jpg,3300,78000,41000,150,0,1,
A320,VOHS,A320-271N,"Airbus A320-271N",VT-IVQ,,https://cdn.jetphotos.com/full/5/31629_1543150574.jpg,3300,78000,41000,150,0,1,
A320,VIDP,A320-271N,"Airbus A320-271N",VT-IVR,,https://cdn.jetphotos.com/full/5/21879_1560893062.jpg,3300,78000,41000,150,0,1,
A320,VIDP,A320-271N,"Airbus A320-271N",VT-IVS,,https://cdn.jetphotos.com/full/5/96124_1612028050.jpg,3300,78000,41000,150,0,1,
A320,VIDP,A320-271N,"Airbus A320-271N",VT-IVT,,https://cdn.jetphotos.com/full/5/83667_1544954492.jpg,3300,78000,41000,150,0,1,
A320,VIDP,A320-214,"Airbus A320-214",VT-AMD,,https://cdn.jetphotos.com/full/6/41504_1576578232.jpg,3300,78000,41000,150,0,1,
A320,VIDP,A320-271N,"Airbus A320-271N",VT-IVU,,https://cdn.jetphotos.com/full/5/92168_1608796267.jpg,3300,78000,41000,150,0,1,
A320,VIDP,A320-214,"Airbus A320-214",VT-BKK,,https://cdn.jetphotos.com/full/6/89472_1604129251.jpg,3300,78000,41000,150,0,1,
A320,VECC,A320-271N,"Airbus A320-271N",VT-IVV,,https://cdn.jetphotos.com/full/6/19376_1615869112.jpg,3300,78000,41000,150,0,1,
A320,VOGO,A320-214,"Airbus A320-214",VT-BOM,,https://cdn.jetphotos.com/full/6/70867_1594848363.jpg,3300,78000,41000,150,0,1,
A320,VIDP,A320-271N,"Airbus A320-271N",VT-IVW,,https://cdn.jetphotos.com/full/6/69689_1593791210.jpg,3300,78000,41000,150,0,1,
A320,VIDP,A320-214,"Airbus A320-214",VT-CCU,,https://cdn.jetphotos.com/full/5/18467_1599670114.jpg,3300,78000,41000,150,0,1,
A320,VIDP,A320-271N,"Airbus A320-271N",VT-IVX,,https://cdn.jetphotos.com/full/6/61447_1586697260.jpg,3300,78000,41000,150,0,1,
A320,VIDP,A320-214,"Airbus A320-214",VT-DEL,,https://cdn.jetphotos.com/full/5/81873_1565419064.jpg,3300,78000,41000,150,0,1,
A320,VIDP,A320-271N,"Airbus A320-271N",VT-IVY,,https://cdn.jetphotos.com/full/5/65728_1600000347.jpg,3300,78000,41000,150,0,1,
A320,VIDP,A320-214,"Airbus A320-214",VT-IXC,,https://cdn.jetphotos.com/full/6/99858_1596801120.jpg,3300,78000,41000,150,0,1,
A320,VIDP,A320-271N,"Airbus A320-271N",VT-IVZ,,https://cdn.jetphotos.com/full/5/63278_1619185951.jpg,3300,78000,41000,150,0,1,
A320,VOBL,A320-214,"Airbus A320-214",VT-IXR,,https://cdn.jetphotos.com/full/5/13315_1596801085.jpg,3300,78000,41000,150,0,1,
A320,VIDP,A320-271N,"Airbus A320-271N",VT-IZA,,https://cdn.jetphotos.com/full/5/40187_1619034484.jpg,3300,78000,41000,150,0,1,
A320,VIDP,A320-214,"Airbus A320-214",VT-KTM,,https://cdn.jetphotos.com/full/6/31364_1620896554.jpg,3300,78000,41000,150,0,1,
A320,VIDP,A320-271N,"Airbus A320-271N",VT-IZB,,https://cdn.jetphotos.com/full/5/51404_1616386543.jpg,3300,78000,41000,150,0,1,
A320,VIDP,A320-214,"Airbus A320-214",VT-NAG,,https://cdn.jetphotos.com/full/5/73098_1591210736.jpg,3300,78000,41000,150,0,1,
A320,VIDP,A320-271N,"Airbus A320-271N",VT-IZC,,https://cdn.jetphotos.com/full/5/61138_1620988165.jpg,3300,78000,41000,150,0,1,
A320,VIDP,A320-214,"Airbus A320-214",VT-SXR,,VT-SXR,3300,78000,41000,150,0,1,
A320,VABB,A320-271N,"Airbus A320-271N",VT-IZD,,https://cdn.jetphotos.com/full/5/75558_1618423239.jpg,3300,78000,41000,150,0,1,
A320,VICG,A320-214,"Airbus A320-214",VT-VTZ,,VT-VTZ,3300,78000,41000,150,0,1,
A320,VIDP,A320-271N,"Airbus A320-271N",VT-IZE,,https://cdn.jetphotos.com/full/6/13086_1622609300.jpg,3300,78000,41000,150,0,1,
A320,VIDP,A320-216,"Airbus A320-216",VT-APJ,,https://cdn.jetphotos.com/full/6/61996_1616526739.jpg,3300,78000,41000,150,0,1,
A320,VIDP,A320-271N,"Airbus A320-271N",VT-IZF,,https://cdn.jetphotos.com/full/6/60717_1606212426.jpg,3300,78000,41000,150,0,1,
A320,VIDP,A320-216,"Airbus A320-216",VT-ATB,,https://cdn.jetphotos.com/full/5/86364_1616526640.jpg,3300,78000,41000,150,0,1,
A320,VOHS,A320-271N,"Airbus A320-271N",VT-IZG,,https://cdn.jetphotos.com/full/6/91677_1620286510.jpg,3300,78000,41000,150,0,1,
A320,VIDP,A320-216,"Airbus A320-216",VT-ATF,,https://cdn.jetphotos.com/full/5/98972_1599305001.jpg,3300,78000,41000,150,0,1,
A320,VIDP,A320-271N,"Airbus A320-271N",VT-IZH,,https://cdn.jetphotos.com/full/5/11003_1606251920.jpg,3300,78000,41000,150,0,1,
A320,VOBL,A320-216,"Airbus A320-216",VT-BLR,,https://cdn.jetphotos.com/full/5/49585_1610725278.jpg,3300,78000,41000,150,0,1,
A320,VOBL,A320-271N,"Airbus A320-271N",VT-IZI,,https://cdn.jetphotos.com/full/5/78574_1616595961.jpg,3300,78000,41000,150,0,1,
A320,VIDP,A320-216,"Airbus A320-216",VT-GWH,,https://cdn.jetphotos.com/full/6/48887_1601982109.jpg,3300,78000,41000,150,0,1,
A320,VIDP,A320-271N,"Airbus A320-271N",VT-IZJ,,https://cdn.jetphotos.com/full/5/41399_1620286619.jpg,3300,78000,41000,150,0,1,
A320,VIDP,A320-216,"Airbus A320-216",VT-HYD,,https://cdn.jetphotos.com/full/6/37441_1590209335.jpg,3300,78000,41000,150,0,1,
A320,VIDP,A320-271N,"Airbus A320-271N",VT-IZK,,https://cdn.jetphotos.com/full/5/89498_1561170488.jpg,3300,78000,41000,150,0,1,
A320,VIDP,A320-216,"Airbus A320-216",VT-IMP,,https://cdn.jetphotos.com/full/6/58685_1612790056.jpg,3300,78000,41000,150,0,1,
A320,VIDP,A320-271N,"Airbus A320-271N",VT-IZL,,https://cdn.jetphotos.com/full/6/88451_1612693828.jpg,3300,78000,41000,150,0,1,
A320,VIDP,A320-216,"Airbus A320-216",VT-JPR,,https://cdn.jetphotos.com/full/6/10935_1616527043.jpg,3300,78000,41000,150,0,1,
A320,VIDP,A320-271N,"Airbus A320-271N",VT-IZM,,https://cdn.jetphotos.com/full/5/98722_1557767345.jpg,3300,78000,41000,150,0,1,
A320,VIDP,A320-216,"Airbus A320-216",VT-JRT,,https://cdn.jetphotos.com/full/5/72953_1608265403.jpg,3300,78000,41000,150,0,1,
A320,VIDP,A320-271N,"Airbus A320-271N",VT-IZN,,https://cdn.jetphotos.com/full/6/96592_1554548240.jpg,3300,78000,41000,150,0,1,
A320,VOHS,A320-216,"Airbus A320-216",VT-KOC,,https://cdn.jetphotos.com/full/6/71043_1596801045.jpg,3300,78000,41000,150,0,1,
A320,VIDP,A320-271N,"Airbus A320-271N",VT-IZP,,https://cdn.jetphotos.com/full/6/70216_1612557635.jpg,3300,78000,41000,150,0,1,
A320,VIDP,A320-216,"Airbus A320-216",VT-KUL,,https://cdn.jetphotos.com/full/6/94335_1610390822.jpg,3300,78000,41000,150,0,1,
A320,VIDP,A320-271N,"Airbus A320-271N",VT-IZR,,https://cdn.jetphotos.com/full/6/29418_1619973221.jpg,3300,78000,41000,150,0,1,
A320,VEGT,A320-216,"Airbus A320-216",VT-PNQ,,https://cdn.jetphotos.com/full/6/89397_1621770818.jpg,3300,78000,41000,150,0,1,
A320,VIDP,A320-271N,"Airbus A320-271N",VT-IZS,,https://cdn.jetphotos.com/full/6/68616_1594849290.jpg,3300,78000,41000,150,0,1,
A320,VIDP,A320-216,"Airbus A320-216",VT-RED,,VT-RED,3300,78000,41000,150,0,1,
A320,VIDP,A320-271N,"Airbus A320-271N",VT-IZT,,https://cdn.jetphotos.com/full/5/27179_1618788124.jpg,3300,78000,41000,150,0,1,
A320,VIDP,A320-216,"Airbus A320-216",VT-SIN,,VT-SIN,3300,78000,41000,150,0,1,
A320,VOBL,A320-271N,"Airbus A320-271N",VT-IZU,,https://cdn.jetphotos.com/full/5/85882_1617337086.jpg,3300,78000,41000,150,0,1,
A320,VIDP,A320-214,"Airbus A320-214",VT-GOI,,https://cdn.jetphotos.com/full/5/18528_1561307029.jpg,3300,78000,41000,150,0,1,
A320,VIDP,A320-271N,"Airbus A320-271N",VT-IZW,,https://cdn.jetphotos.com/full/6/76824_1620987357.jpg,3300,78000,41000,150,0,1,
A320,VOHS,A320-214,"Airbus A320-214",VT-GOJ,,https://cdn.jetphotos.com/full/5/81609_1564827497.jpg,3300,78000,41000,150,0,1,
A320,VOBL,A320-271N,"Airbus A320-271N",VT-IZX,,https://cdn.jetphotos.com/full/5/75431_1604129074.jpg,3300,78000,41000,150,0,1,
A320,VABB,A320-214,"Airbus A320-214",VT-GOK,,https://cdn.jetphotos.com/full/5/23989_1590294234.jpg,3300,78000,41000,150,0,1,
A320,VIDP,A320-271N,"Airbus A320-271N",VT-IZY,,https://cdn.jetphotos.com/full/5/80946_1578192046.jpg,3300,78000,41000,150,0,1,
A320,VABB,A320-214,"Airbus A320-214",VT-GOL,,https://cdn.jetphotos.com/full/5/70982_1526819527.jpg,3300,78000,41000,150,0,1,
A320,VIDP,A320-271N,"Airbus A320-271N",VT-IZZ,,https://cdn.jetphotos.com/full/5/48913_1622707722.jpg,3300,78000,41000,150,0,1,
A320,VIDP,A320-214,"Airbus A320-214",VT-GOM,,https://cdn.jetphotos.com/full/5/83765_1614836300.jpg,3300,78000,41000,150,0,1,
A320,VIDP,A320-214,"Airbus A320-214",VT-GON,,https://cdn.jetphotos.com/full/5/23171_1588770176.jpg,3300,78000,41000,150,0,1,
A320,VIDP,A320-214,"Airbus A320-214",VT-GOQ,,https://cdn.jetphotos.com/full/5/40874_1552202449.jpg,3300,78000,41000,150,0,1,
A320,VIDP,A320-214,"Airbus A320-214",VT-GOR,,https://cdn.jetphotos.com/full/5/95574_1592890886.jpg,3300,78000,41000,150,0,1,
A320,VIDP,A320-214,"Airbus A320-214",VT-GOS,,https://cdn.jetphotos.com/full/5/48931_1579984667.jpg,3300,78000,41000,150,0,1,
A320,VIDP,A320-214,"Airbus A320-214",VT-WAK,,VT-WAK,3300,78000,41000,150,0,1,
A320,VIDP,A320-214,"Airbus A320-214",VT-WAL,,VT-WAL,3300,78000,41000,150,0,1,
A320,VIDP,A320-271N,"Airbus A320-271N",VT-WGA,,VT-WGA,3300,78000,41000,150,0,1,
A320,VIDP,A320-271N,"Airbus A320-271N",VT-WGB,,VT-WGB,3300,78000,41000,150,0,1,
A320,VIDP,A320-271N,"Airbus A320-271N",VT-WGC,,VT-WGC,3300,78000,41000,150,0,1,
A320,VIDP,A320-271N,"Airbus A320-271N",VT-WGD,,VT-WGD,3300,78000,41000,150,0,1,
A320,VIDP,A320-271N,"Airbus A320-271N",VT-WGF,,VT-WGF,3300,78000,41000,150,0,1,
A320,VABB,A320-271N,"Airbus A320-271N",VT-WGG,,VT-WGG,3300,78000,41000,150,0,1,
A320,VIDP,A320-271N,"Airbus A320-271N",VT-WGH,,VT-WGH,3300,78000,41000,150,0,1,
A320,VIDP,A320-271N,"Airbus A320-271N",VT-WGI,,VT-WGI,3300,78000,41000,150,0,1,
A320,VIDP,A320-271N,"Airbus A320-271N",VT-WGJ,,VT-WGJ,3300,78000,41000,150,0,1,
A320,VIDP,A320-271N,"Airbus A320-271N",VT-WGK,,VT-WGK,3300,78000,41000,150,0,1,
A320,VIDP,A320-271N,"Airbus A320-271N",VT-WGL,,VT-WGL,3300,78000,41000,150,0,1,
A320,VIDP,A320-271N,"Airbus A320-271N",VT-WGM,,VT-WGM,3300,78000,41000,150,0,1,
A320,VAAH,A320-271N,"Airbus A320-271N",VT-WGN,,VT-WGN,3300,78000,41000,150,0,1,
A320,VIDP,A320-271N,"Airbus A320-271N",VT-WGO,,VT-WGO,3300,78000,41000,150,0,1,
A320,VIDP,A320-271N,"Airbus A320-271N",VT-WGP,,VT-WGP,3300,78000,41000,150,0,1,
A320,VIDP,A320-271N,"Airbus A320-271N",VT-WGQ,,VT-WGQ,3300,78000,41000,150,0,1,
A320,VIDP,A320-271N,"Airbus A320-271N",VT-WGR,,VT-WGR,3300,78000,41000,150,0,1,
A320,VIDP,A320-271N,"Airbus A320-271N",VT-WGS,,VT-WGS,3300,78000,41000,150,0,1,
A320,VIDP,A320-271N,"Airbus A320-271N",VT-WGT,,VT-WGT,3300,78000,41000,150,0,1,
A320,VIDP,A320-271N,"Airbus A320-271N",VT-WGV,,VT-WGV,3300,78000,41000,150,0,1,
A320,VIDP,A320-271N,"Airbus A320-271N",VT-WGW,,VT-WGW,3300,78000,41000,150,0,1,
A320,VIDP,A320-271N,"Airbus A320-271N",VT-WGX,,VT-WGX,3300,78000,41000,150,0,1,
A320,VABB,A320-271N,"Airbus A320-271N",VT-WGY,,VT-WGY,3300,78000,41000,150,0,1,
A320,VIDP,A320-271N,"Airbus A320-271N",VT-WGZ,,VT-WGZ,3300,78000,41000,150,0,1,
A320,VIDP,A320-271N,"Airbus A320-271N",VT-WJA,,VT-WJA,3300,78000,41000,150,0,1,
A320,VIDP,A320-271N,"Airbus A320-271N",VT-WJB,,VT-WJB,3300,78000,41000,150,0,1,
A320,VIDP,A320-271N,"Airbus A320-271N",VT-WJC,,VT-WJC,3300,78000,41000,150,0,1,
A320,VIDP,A320-271N,"Airbus A320-271N",VT-WJD,,VT-WJD,3300,78000,41000,150,0,1,
A320,VIDP,A320-271N,"Airbus A320-271N",VT-WJE,,VT-WJE,3300,78000,41000,150,0,1,
A320,VIDP,A320-271N,"Airbus A320-271N",VT-WJF,,VT-WJF,3300,78000,41000,150,0,1,
A320,VIDP,A320-271N,"Airbus A320-271N",VT-WJG,,VT-WJG,3300,78000,41000,150,0,1,
A320,VIDP,A320-271N,"Airbus A320-271N",VT-WJH,,VT-WJH,3300,78000,41000,150,0,1,
A320,VIDP,A320-271N,"Airbus A320-271N",VT-WJI,,VT-WJI,3300,78000,41000,150,0,1,
A320,VOHS,A320-271N,"Airbus A320-271N",VT-WJJ,,VT-WJJ,3300,78000,41000,150,0,1,
A320,VIDP,A320-271N,"Airbus A320-271N",VT-WJK,,VT-WJK,3300,78000,41000,150,0,1,
A320,VIDP,A320-271N,"Airbus A320-271N",VT-WJL,,VT-WJL,3300,78000,41000,150,0,1,
A320,VOGO,A320-271N,"Airbus A320-271N",VT-WJN,,VT-WJN,3300,78000,41000,150,0,1,
A320,VAPO,A320-214,"Airbus A320-214",VT-IDS,,https://cdn.jetphotos.com/full/6/55502_1616628125.jpg,3300,78000,41000,150,0,1,
A320,VIDP,A320-214,"Airbus A320-214",VT-IDV,,https://cdn.jetphotos.com/full/5/67503_1586037132.jpg,3300,78000,41000,150,0,1,
A320,VOBL,A320-214,"Airbus A320-214",VT-IDX,,https://cdn.jetphotos.com/full/6/39011_1545717515.jpg,3300,78000,41000,150,0,1,
A320,VIDP,A320-214,"Airbus A320-214",VT-IDY,,https://cdn.jetphotos.com/full/6/32504_1578155335.jpg,3300,78000,41000,150,0,1,
A320,VOBL,A320-214,"Airbus A320-214",VT-IHB,,https://cdn.jetphotos.com/full/5/69150_1561118666.jpg,3300,78000,41000,150,0,1,
A320,VIDP,A320-214,"Airbus A320-214",VT-IHC,,https://cdn.jetphotos.com/full/5/13505_1580035682.jpg,3300,78000,41000,150,0,1,
A320,VIDP,A320-214,"Airbus A320-214",VT-IHH,,https://cdn.jetphotos.com/full/6/99140_1590310852.jpg,3300,78000,41000,150,0,1,
A320,VIDP,A320-214,"Airbus A320-214",VT-IHN,,https://cdn.jetphotos.com/full/6/81779_1610787166.jpg,3300,78000,41000,150,0,1,
A320,VIDP,A320-214,"Airbus A320-214",VT-IHO,,https://cdn.jetphotos.com/full/5/87488_1554639398.jpg,3300,78000,41000,150,0,1,
A320,VIDP,A320-214,"Airbus A320-214",VT-IHP,,https://cdn.jetphotos.com/full/5/83049_1612605218.jpg,3300,78000,41000,150,0,1,
A320,VECC,A320-214,"Airbus A320-214",VT-IHT,,https://cdn.jetphotos.com/full/6/24880_1551547625.jpg,3300,78000,41000,150,0,1,
A320,VOHS,A320-232,"Airbus A320-232",VT-IAN,,https://cdn.jetphotos.com/full/5/28514_1618800602.jpg,3300,78000,41000,150,0,1,
A320,VIDP,A320-232,"Airbus A320-232",VT-IAO,,https://cdn.jetphotos.com/full/5/54050_1621423703.jpg,3300,78000,41000,150,0,1,
A320,VIDP,A320-232,"Airbus A320-232",VT-IAP,,https://cdn.jetphotos.com/full/5/85920_1607523408.jpg,3300,78000,41000,150,0,1,
A320,VIDP,A320-232,"Airbus A320-232",VT-IAQ,,https://cdn.jetphotos.com/full/6/91410_1518496470.jpg,3300,78000,41000,150,0,1,
A320,VIDP,A320-232,"Airbus A320-232",VT-IAR,,https://cdn.jetphotos.com/full/6/61658_1517673926.jpg,3300,78000,41000,150,0,1,
A320,VIDP,A320-232,"Airbus A320-232",VT-IAS,,https://cdn.jetphotos.com/full/6/24942_1619167946.jpg,3300,78000,41000,150,0,1,
A320,OMDB,A320-232,"Airbus A320-232",VT-IAX,,https://cdn.jetphotos.com/full/5/84562_1589544206.jpg,3300,78000,41000,150,0,1,
A320,VIDP,A320-232,"Airbus A320-232",VT-IAY,,https://cdn.jetphotos.com/full/6/84369_1615851413.jpg,3300,78000,41000,150,0,1,
A320,VIDP,A320-232,"Airbus A320-232",VT-IDL,,https://cdn.jetphotos.com/full/5/46362_1578155289.jpg,3300,78000,41000,150,0,1,
A320,VIDP,A320-232,"Airbus A320-232",VT-IDM,,https://cdn.jetphotos.com/full/5/91352_1563111792.jpg,3300,78000,41000,150,0,1,
A320,VIDP,A320-232,"Airbus A320-232",VT-IDN,,https://cdn.jetphotos.com/full/5/93069_1614109838.jpg,3300,78000,41000,150,0,1,
A320,VOML,A320-232,"Airbus A320-232",VT-IDO,,https://cdn.jetphotos.com/full/5/33666_1545717490.jpg,3300,78000,41000,150,0,1,
A320,VIDP,A320-232,"Airbus A320-232",VT-IDP,,https://cdn.jetphotos.com/full/6/43001_1620525660.jpg,3300,78000,41000,150,0,1,
A320,VIDP,A320-232,"Airbus A320-232",VT-IDQ,,https://cdn.jetphotos.com/full/6/99034_1611538500.jpg,3300,78000,41000,150,0,1,
A320,VIDP,A320-232,"Airbus A320-232",VT-IDR,,https://cdn.jetphotos.com/full/6/87206_1582038071.jpg,3300,78000,41000,150,0,1,
A320,VIDP,A320-232,"Airbus A320-232",VT-IDT,,https://cdn.jetphotos.com/full/5/89234_1588424237.jpg,3300,78000,41000,150,0,1,
A320,VIDP,A320-232,"Airbus A320-232",VT-IDZ,,https://cdn.jetphotos.com/full/5/77407_1567876967.jpg,3300,78000,41000,150,0,1,
A320,VIDP,A320-232,"Airbus A320-232",VT-IEA,,https://cdn.jetphotos.com/full/5/29735_1613796093.jpg,3300,78000,41000,150,0,1,
A320,VIDP,A320-232,"Airbus A320-232",VT-IEB,,https://cdn.jetphotos.com/full/5/83994_1609104529.jpg,3300,78000,41000,150,0,1,
A320,VIDP,A320-232,"Airbus A320-232",VT-IEC,,https://cdn.jetphotos.com/full/6/32303_1595672124.jpg,3300,78000,41000,150,0,1,
A320,VIDP,A320-232,"Airbus A320-232",VT-IED,,https://cdn.jetphotos.com/full/5/74709_1546394627.jpg,3300,78000,41000,150,0,1,
A320,VIDP,A320-232,"Airbus A320-232",VT-IEE,,https://cdn.jetphotos.com/full/5/23233_1513226677.jpg,3300,78000,41000,150,0,1,
A320,VIDP,A320-232,"Airbus A320-232",VT-IEF,,https://cdn.jetphotos.com/full/5/28941_1594765712.jpg,3300,78000,41000,150,0,1,
A320,VIDP,A320-232,"Airbus A320-232",VT-IEG,,https://cdn.jetphotos.com/full/6/71970_1582168457.jpg,3300,78000,41000,150,0,1,
A320,VIDP,A320-232,"Airbus A320-232",VT-IEH,,https://cdn.jetphotos.com/full/6/92076_1614165239.jpg,3300,78000,41000,150,0,1,
A320,VABB,A320-232,"Airbus A320-232",VT-IEI,,https://cdn.jetphotos.com/full/5/55777_1612693714.jpg,3300,78000,41000,150,0,1,
A320,VOMM,A320-232,"Airbus A320-232",VT-IEJ,,https://cdn.jetphotos.com/full/5/99125_1612222526.jpg,3300,78000,41000,150,0,1,
A320,VIDP,A320-232,"Airbus A320-232",VT-IEK,,https://cdn.jetphotos.com/full/5/52716_1606119430.jpg,3300,78000,41000,150,0,1,
A320,VIDP,A320-232,"Airbus A320-232",VT-IEL,,https://cdn.jetphotos.com/full/6/96522_1598574294.jpg,3300,78000,41000,150,0,1,
A320,VIDP,A320-232,"Airbus A320-232",VT-IEM,,https://cdn.jetphotos.com/full/6/41379_1555062780.jpg,3300,78000,41000,150,0,1,
A320,VIDP,A320-232,"Airbus A320-232",VT-IEN,,https://cdn.jetphotos.com/full/6/64336_1563634280.jpg,3300,78000,41000,150,0,1,
A320,VIDP,A320-232,"Airbus A320-232",VT-IEO,,https://cdn.jetphotos.com/full/6/25542_1589215936.jpg,3300,78000,41000,150,0,1,
A320,VIDP,A320-232,"Airbus A320-232",VT-IEP,,https://cdn.jetphotos.com/full/6/73974_1604828436.jpg,3300,78000,41000,150,0,1,
A320,VIDP,A320-232,"Airbus A320-232",VT-IEQ,,https://cdn.jetphotos.com/full/6/96441_1600177919.jpg,3300,78000,41000,150,0,1,
A320,VIDP,A320-232,"Airbus A320-232",VT-IER,,https://cdn.jetphotos.com/full/6/53374_1603027015.jpg,3300,78000,41000,150,0,1,
A320,VOBL,A320-232,"Airbus A320-232",VT-IES,,https://cdn.jetphotos.com/full/6/17208_1605809808.jpg,3300,78000,41000,150,0,1,
A320,VIDP,A320-232,"Airbus A320-232",VT-IET,,https://cdn.jetphotos.com/full/5/90234_1613907556.jpg,3300,78000,41000,150,0,1,
A320,VIDP,A320-232,"Airbus A320-232",VT-IEU,,https://cdn.jetphotos.com/full/5/24374_1564483103.jpg,3300,78000,41000,150,0,1,
A320,VIDP,A320-232,"Airbus A320-232",VT-IEV,,https://cdn.jetphotos.com/full/6/33930_1588734962.jpg,3300,78000,41000,150,0,1,
A320,VOCB,A320-232,"Airbus A320-232",VT-IEW,,https://cdn.jetphotos.com/full/5/75611_1592138202.jpg,3300,78000,41000,150,0,1,
A320,VOHS,A320-232,"Airbus A320-232",VT-IEX,,https://cdn.jetphotos.com/full/5/22672_1584887362.jpg,3300,78000,41000,150,0,1,
A320,VIDP,A320-232,"Airbus A320-232",VT-IEY,,https://cdn.jetphotos.com/full/6/75354_1611743319.jpg,3300,78000,41000,150,0,1,
A320,VIDP,A320-232,"Airbus A320-232",VT-IEZ,,https://cdn.jetphotos.com/full/6/80448_1617902179.jpg,3300,78000,41000,150,0,1,
A320,VCBI,A320-232,"Airbus A320-232",VT-IFA,,https://cdn.jetphotos.com/full/5/49982_1610819398.jpg,3300,78000,41000,150,0,1,
A320,VIDP,A320-232,"Airbus A320-232",VT-IFB,,https://cdn.jetphotos.com/full/6/87960_1583047209.jpg,3300,78000,41000,150,0,1,
A320,VIDP,A320-232,"Airbus A320-232",VT-IFC,,https://cdn.jetphotos.com/full/5/94537_1565502978.jpg,3300,78000,41000,150,0,1,
A320,VIDP,A320-232,"Airbus A320-232",VT-IFD,,https://cdn.jetphotos.com/full/6/50846_1612793737.jpg,3300,78000,41000,150,0,1,
A320,VIDP,A320-232,"Airbus A320-232",VT-IFE,,https://cdn.jetphotos.com/full/6/34099_1582168541.jpg,3300,78000,41000,150,0,1,
A321,VOCI,A321-211,"Airbus A321-211",VT-PPA,,VT-PPA,3200,93500,41000,185,0,1,
A321,VOCL,A321-211,"Airbus A321-211",VT-PPB,,VT-PPB,3200,93500,41000,185,0,1,
A321,VCBI,A321-211,"Airbus A321-211",VT-PPF,,VT-PPF,3200,93500,41000,185,0,1,
A321,OIII,A321-211,"Airbus A321-211",VT-SF1,,VT-SF1,3200,93500,41000,185,0,1,
A321,VIDP,A321-211,"Airbus A321-211",VT-PPG,,VT-PPG,3200,93500,41000,185,0,1,
A321,VIDP,A321-211,"Airbus A321-211",VT-PPH,,VT-PPH,3200,93500,41000,185,0,1,
A321,VIDP,A321-211,"Airbus A321-211",VT-PPI,,VT-PPI,3200,93500,41000,185,0,1,
A321,VIDP,A321-211,"Airbus A321-211",VT-PPJ,,VT-PPJ,3200,93500,41000,185,0,1,
A321,VOPB,A321-211,"Airbus A321-211",VT-PPK,,VT-PPK,3200,93500,41000,185,0,1,
A321,VOMM,A321-211,"Airbus A321-211",VT-PPL,,VT-PPL,3200,93500,41000,185,0,1,
A321,VIDP,A321-211,"Airbus A321-211",VT-PPQ,,VT-PPQ,3200,93500,41000,185,0,1,
A321,VIDP,A321-211,"Airbus A321-211",VT-PPT,,VT-PPT,3200,93500,41000,185,0,1,
A321,OMAA,A321-211,"Airbus A321-211",VT-PPU,,VT-PPU,3200,93500,41000,185,0,1,
A321,VOBL,A321-211,"Airbus A321-211",VT-PPV,,VT-PPV,3200,93500,41000,185,0,1,
A321,LPAZ,A321-200,"Airbus A321-200",VT-SF04,,VT-SF04,3200,65000,41000,220,0,1,
A321,VABB,A321-2X1N,"Airbus A321-2X1N",VT-SF09,,VT-SF09,4000,97000,39000,240,0,1,
A321,OMDB,A321-271NX,"Airbus A321-271NX",VT-IUA,,https://cdn.jetphotos.com/full/5/94553_1622228692.jpg,3200,93500,41000,185,0,1,
A321,VIDP,A321-271NX,"Airbus A321-271NX",VT-IUB,,https://cdn.jetphotos.com/full/5/60483_1605780434.jpg,3200,93500,41000,185,0,1,
A321,VIDP,A321-271NX,"Airbus A321-271NX",VT-IUC,,https://cdn.jetphotos.com/full/5/33535_1607347926.jpg,3200,93500,41000,185,0,1,
A321,VIDP,A321-271NX,"Airbus A321-271NX",VT-IUD,,https://cdn.jetphotos.com/full/6/97938_1615622522.jpg,3200,93500,41000,185,0,1,
A321,VIDP,A321-271NX,"Airbus A321-271NX",VT-IUE,,https://cdn.jetphotos.com/full/5/77241_1617637181.jpg,3200,93500,41000,185,0,1,
A321,VOHS,A321-271NX,"Airbus A321-271NX",VT-IUG,,https://cdn.jetphotos.com/full/5/30309_1614098489.jpg,3200,93500,41000,185,0,1,
A321,VABB,A321-271NX,"Airbus A321-271NX",VT-IUH,,https://cdn.jetphotos.com/full/5/57418_1617219343.jpg,3200,93500,41000,185,0,1,
A332,KMIA,A330-200,"Airbus A330-200",VT-SF10,,VT-SF10,7250,242000,41000,406,0,1,
A332,VOMM,A330-20F,"Airbus A330-200F",VT-SF12,,VT-SF12,4000,233000,41000,12,74000,1,
A333,KATL,A330-300,"Airbus A330-300",VT-SF11,,VT-SF11,6350,242000,41000,440,0,1,
A337,VIDP,A330-700,"Airbus A330-700 Beluga",VT-SF13,,VT-SF13,2600,227000,35000,10,75000,1,
A338,VOHS,A330-800,"Airbus A330-800neo",VT-SF14,,VT-SF14,8150,251000,41000,406,0,1,
A339,SBGR,A330-900,"Airbus A330-900neo",VT-SF15,,VT-SF15,7200,251000,41000,460,0,1,
A343,VIDP,A340-300,"Airbus A340-300",VT-SF16,,VT-SF16,7300,140000,41000,290,0,1,
A345,VIDP,A340-500,"Airbus A340-500",VT-SF17,,VT-SF17,9000,380000,41000,310,0,1,
A346,VIDP,A340-600,"Airbus A340-600",VT-SF18,,VT-SF18,7800,380000,41000,370,0,1,
A359,VIDP,A350-900,"Airbus A350-900 XWB",VT-SF19,,VT-SF19,8100,280000,43000,315,0,1,
A35K,VIDP,A350-1000,"Airbus A350-1000 XWB",VT-SF20,,VT-SF20,8700,316000,43000,369,0,1,
A388,VIDP,A380-800,"Airbus A380-800",VT-SF21,,VT-SF21,9200,575000,43000,853,0,1,
AN32,VIDP,AN-32,"Antonov AN-32",K2755,,,1300,37038,31200,50,14771,1,"Trainee Captain "
AT76,VOMM,72-600,"ATR 72-600",VT-SF5,,VT-SF5,825,22800,25000,70,0,1,
AT76,VOHS,72-600,"ATR 72-600",VT-SF57,,VT-SF57,825,22800,25000,70,0,1,
AT76,VIDP,72-600,"ATR 72-600",VT-FBA,,https://cdn.jetphotos.com/full/5/88023_1609693046.jpg,825,22800,25000,70,0,1,
AT76,VIDP,72-600,"ATR 72-600"," VT-FVU",,,825,22800,25000,72,0,1,
AT76,VIDP,72-600,"ATR 72-600"," VT-FVI",,,825,22800,25000,72,0,1,
AT76,VIDP,72-600,"ATR 72-600"," VT-FVA",,,825,22800,25000,72,0,1,
AT76,VIDP,72-600,"ATR 72-600"," VT-FVB",,,825,22800,25000,72,0,1,
AT76,VIDP,72-600,"ATR 72-600"," VT-FBI",,,825,22800,25000,72,0,1,
AT76,VIDP,72-600,"ATR 72-600"," VT-FVZ",,,825,22800,25000,72,0,1,
AT76,VIDP,72-600,"ATR 72-600",VT-AII,,https://cdn.jetphotos.com/full/5/99367_1554550427.jpg,825,7500,28000,72,0,1,
AT76,VIDP,72-600,"ATR 72-600",VT-AIT,,https://cdn.jetphotos.com/full/5/19712_1594199528.jpg,825,7500,28000,72,0,1,
AT76,VIDP,72-600,"ATR 72-600",VT-AIU,,https://cdn.jetphotos.com/full/5/23794_1546595494.jpg,825,7500,28000,72,0,1,
AT76,VIDP,72-600,"ATR 72-600",VT-AIV,,https://cdn.jetphotos.com/full/6/91935_1501922155.jpg,825,7500,28000,72,0,1,
AT76,VIDP,72-600,"ATR 72-600",VT-AIW,,https://cdn.jetphotos.com/full/6/31814_1591983360.jpg,825,7500,28000,72,0,1,
AT76,VIDP,72-600,"ATR 72-600",VT-AIX,,https://cdn.jetphotos.com/full/6/92822_1607447667.jpg,825,7500,28000,72,0,1,
AT76,VIDP,72-600,"ATR 72-600",VT-AIY,,https://cdn.jetphotos.com/full/6/80956_1558973104.jpg,825,7500,28000,72,0,1,
AT76,VIDP,72-600,"ATR 72-600",VT-AIZ,,https://cdn.jetphotos.com/full/6/15615_1609340412.jpg,825,7500,28000,72,0,1,
AT76,VIDP,72-600,"ATR 72-600",VT-RKC,,VT-RKC,825,7500,28000,72,0,1,
AT76,VIDP,72-600,"ATR 72-600",VT-RKD,,VT-RKD,825,7500,28000,72,0,1,
AT76,VIDP,72-600,"ATR 72-600",VT-RKE,,VT-RKE,825,7500,28000,72,0,1,
AT76,VIDP,72-600,"ATR 72-600",VT-RKF,,VT-RKF,825,7500,28000,72,0,1,
AT76,VIDP,72-600,"ATR 72-600",VT-RKG,,VT-RKG,825,7500,28000,72,0,1,
AT76,VIDP,72-600,"ATR 72-600",VT-RKH,,VT-RKH,825,7500,28000,72,0,1,
AT76,VIDP,72-600,"ATR 72-600",VT-RKJ,,VT-RKJ,825,7500,28000,72,0,1,
AT76,VIDP,72-600,"ATR 72-600",VT-RKK,,VT-RKK,825,7500,28000,72,0,1,
AT76,VIDP,72-600,"ATR 72-600",VT-RKL,,VT-RKL,825,7500,28000,72,0,1,
AT76,VIDP,72-600,"ATR 72-600",VT-RKM,,VT-RKM,825,7500,28000,72,0,1,
AT76,VIDP,72-600,"ATR 72-600",VT-IYA,,https://cdn.jetphotos.com/full/5/10772_1618904104.jpg,825,22800,25000,70,0,1,
AT76,VIDP,72-600,"ATR 72-600",VT-IYB,,https://cdn.jetphotos.com/full/6/75124_1567414427.jpg,825,22800,25000,70,0,1,
AT76,VIDP,72-600,"ATR 72-600",VT-IYC,,https://cdn.jetphotos.com/full/5/48290_1516398268.jpg,825,22800,25000,70,0,1,
AT76,VOCB,72-600,"ATR 72-600",VT-IYD,,https://cdn.jetphotos.com/full/6/56137_1608542760.jpg,825,22800,25000,70,0,1,
AT76,VIDP,72-600,"ATR 72-600",VT-IYE,,https://cdn.jetphotos.com/full/6/21624_1523797957.jpg,825,22800,25000,70,0,1,
AT76,VIDP,72-600,"ATR 72-600",VT-IYF,,https://cdn.jetphotos.com/full/6/41375_1608201716.jpg,825,22800,25000,70,0,1,
AT76,VIDP,72-600,"ATR 72-600",VT-IYG,,https://cdn.jetphotos.com/full/5/84975_1544027909.jpg,825,22800,25000,70,0,1,
AT76,VIDP,72-600,"ATR 72-600",VT-IYH,,https://cdn.jetphotos.com/full/6/17097_1554034722.jpg,825,22800,25000,70,0,1,
AT76,VIDP,72-600,"ATR 72-600",VT-IYI,,https://cdn.jetphotos.com/full/5/31570_1573021341.jpg,825,22800,25000,70,0,1,
AT76,VIDP,72-600,"ATR 72-600",VT-IYJ,,https://cdn.jetphotos.com/full/6/89907_1572718708.jpg,825,22800,25000,70,0,1,
AT76,VIDP,72-600,"ATR 72-600",VT-IYK,,https://cdn.jetphotos.com/full/5/37242_1615794394.jpg,825,22800,25000,70,0,1,
AT76,VIDP,72-600,"ATR 72-600",VT-IYL,,https://cdn.jetphotos.com/full/5/88032_1617002530.jpg,825,22800,25000,70,0,1,
AT76,VIDP,72-600,"ATR 72-600",VT-IYM,,https://cdn.jetphotos.com/full/5/37865_1554033362.jpg,825,22800,25000,70,0,1,
AT76,VIDP,72-600,"ATR 72-600",VT-IYN,,https://cdn.jetphotos.com/full/5/95934_1610392242.jpg,825,22800,25000,70,0,1,
AT76,VIDP,72-600,"ATR 72-600",VT-IYO,,https://cdn.jetphotos.com/full/5/96435_1615139239.jpg,825,22800,25000,70,0,1,
AT76,VIDP,72-600,"ATR 72-600",VT-IYP,,https://cdn.jetphotos.com/full/5/34587_1600502092.jpg,825,22800,25000,70,0,1,
AT76,VIDP,72-600,"ATR 72-600",VT-IYQ,,https://cdn.jetphotos.com/full/6/59729_1608909665.jpg,825,22800,25000,70,0,1,
AT76,VIDP,72-600,"ATR 72-600",VT-IYR,,https://cdn.jetphotos.com/full/5/20418_1595144476.jpg,825,22800,25000,70,0,1,
AT76,VIDP,72-600,"ATR 72-600",VT-IYV,,https://cdn.jetphotos.com/full/6/69344_1612605379.jpg,825,22800,25000,70,0,1,
AT76,VIDP,72-600,"ATR 72-600",VT-IYW,,https://cdn.jetphotos.com/full/5/50670_1610706344.jpg,825,22800,25000,70,0,1,
AT76,VIDP,72-600,"ATR 72-600",VT-IYZ,,https://cdn.jetphotos.com/full/6/72148_1567932479.jpg,825,22800,25000,70,0,1,
B407,VIDP,"BELL 407 HEL","Bell 407",VT-PHN,,VT-PHN,"324 nm","6000 lbs","18690 ft",5,2347,1,
B712,SLCB,B717-200,"Boeing 717-200",VT-SF24,,VT-SF24,2060,54884,37000,117,0,1,
B722,VIDP,B727-200,"Boeing 727-200",VT-SF25,,VT-SF25,1900,78100,42000,155,0,1,
B732,VIDP,B737-200,"Boeing 737-200",VT-SF26,,VT-SF26,2600,68000,37000,115,0,1,
B736,ESSD,B737-600,"Boeing 737-600",VT-SF27,,VT-SF27,3010,67000,41000,130,0,1,
B737,VIDP,737-75R,"Boeing 737-75R",VT-SF6,,VT-SF6,3010,70080,41000,128,0,1,
B737,VIDP,B737-MAX7,"Boeing 737-Max 7",VT-SF31,,VT-SF31,3850,80286,41000,172,0,1,
B737,MMMD,B737-700,"Boeing 737-700",VT-SF28,,VT-SF28,2935,85000,41000,140,0,1,
B737,VIDP,737-75R,"Boeing 737-75R",VT-SYT,,VT-SYT,3010,70080,41000,128,0,1,
B737,VOMM,737-75R,"Boeing 737-75R",VT-SYU,,VT-SYU,3010,70080,41000,128,0,1,
B737,VIDP,737-76J,"Boeing 737-76J",VT-SLP,,VT-SLP,3010,70080,41000,128,0,1,
B737,VIDP,737-7BK,"Boeing 737-7BK",VT-SYO,,VT-SYO,3010,70080,41000,128,0,1,
B737,VOBL,737-7BK,"Boeing 737-7BK",VT-SYP,,VT-SYP,3010,70080,41000,128,0,1,
B737,VIDP,737-7GL,"Boeing 737-7GL",VT-SLA,,VT-SLA,3010,70080,41000,128,0,1,
B737,VIDP,737-7GL,"Boeing 737-7GL",VT-SLB,,VT-SLB,3010,70080,41000,128,0,1,
B738,VECC,737-85R,"Boeing 737-85R",VT-TGF,,VT-TGF,2935,79016,41000,160,0,1,
B738,VIDP,737-86N,"Boeing 737-86N",VT-TGI,,VT-TGI,2935,79016,41000,160,0,1,
B738,VABB,737-8AL,"Boeing 737-8AL",VT-TGA,,VT-TGA,2935,79016,41000,160,0,1,
B738,VABB,737-8AL,"Boeing 737-8AL",VT-TGB,,VT-TGB,2935,79016,41000,160,0,1,
B738,VIDP,737-8AL,"Boeing 737-8AL",VT-TGC,,VT-TGC,2935,79016,41000,160,0,1,
B738,VIDP,737-8AL,"Boeing 737-8AL",VT-TGD,,VT-TGD,2935,79016,41000,160,0,1,
B738,VABB,737-8AL,"Boeing 737-8AL",VT-TGE,,VT-TGE,2935,79016,41000,160,0,1,
B738,VIDP,737-8AL,"Boeing 737-8AL",VT-TGG,,VT-TGG,2935,79016,41000,160,0,1,
B738,VIDP,737-8AL,"Boeing 737-8AL",VT-TGH,,VT-TGH,2935,79016,41000,160,0,1,
B738,VOMM,B737-800,"Boeing 737-800 NG",VT-S2F,,VT-S2F,0,0,40000,165,4000,1,
B738,VIDP,B737-800,"Boeing 737-800NG",K-5012,https://drive.google.com/open?id=1UXlgga1y6hXeSojVE6NIZ-DEo4AAMjtV,,0,0,0,20,1000,1,
B738,VOCI,737-85R,"Boeing 737-85R",VT-SF7,,VT-SF7,2935,79016,41000,160,0,1,
B738,VIDP,737-ERX,"Boeing P-8 Poseidon",IN320,,,2935,79016,41000,20,0,1,
B738,VIDP,737-85R,"Boeing 737-85R",VT-GHK,,https://cdn.jetphotos.com/full/5/52619_1608642744.jpg,2255,62820,37000,160,17000,1,
B738,VOCL,737-86N,"Boeing 737-86N",VT-GHB,,https://cdn.jetphotos.com/full/5/78162_1605415647.jpg,2935,79016,41000,160,0,1,
B738,VIDP,737-86N,"Boeing 737-86N",VT-GHC,,https://cdn.jetphotos.com/full/6/53491_1608910399.jpg,2935,79016,41000,160,0,1,
B738,VIDP,737-86N,"Boeing 737-86N",VT-GHD,,https://cdn.jetphotos.com/full/5/35704_1582779806.jpg,2935,79016,41000,160,0,1,
B738,EINN,B737-800,"Boeing 737-800",VT-SF29,,VT-SF29,2935,85000,41000,180,0,1,
B738,VIDP,737-86N,"Boeing 737-86N",VT-GHE,,https://cdn.jetphotos.com/full/5/20617_1618417051.jpg,2935,79016,41000,160,0,1,
B738,VIDP,B737-MAX8,"Boeing 737-Max 8",VT-SF32,,VT-SF32,3550,82191,41000,200,0,1,
B738,VIDP,737-86N,"Boeing 737-86N",VT-GHF,,https://cdn.jetphotos.com/full/5/31040_1617995788.jpg,2935,79016,41000,160,0,1,
B738,VOMM,737-8HG,"Boeing 737-8HG",VT-AXH,,https://cdn.jetphotos.com/full/6/76197_1588959136.jpg,2935,79016,41000,160,0,1,
B738,WMKK,737-8HG,"Boeing 737-8HG",VT-AXI,,https://cdn.jetphotos.com/full/6/43791_1609181077.jpg,2935,79016,41000,160,0,1,
B738,VOBZ,737-8HG,"Boeing 737-8HG",VT-AXJ,,https://cdn.jetphotos.com/full/5/36256_1617337250.jpg,2935,79016,41000,160,0,1,
B738,VOTR,737-8HG,"Boeing 737-8HG",VT-AXM,,https://cdn.jetphotos.com/full/5/33056_1599193705.jpg,2935,79016,41000,160,0,1,
B738,VIDP,737-8HG,"Boeing 737-8HG",VT-AXN,,https://cdn.jetphotos.com/full/6/41723_1581165381.jpg,2935,79016,41000,160,0,1,
B738,VABB,737-8HG,"Boeing 737-8HG",VT-AXP,,https://cdn.jetphotos.com/full/6/19640_1610077057.jpg,2935,79016,41000,160,0,1,
B738,VIDP,737-8HG,"Boeing 737-8HG",VT-AXQ,,https://cdn.jetphotos.com/full/5/88094_1617449626.jpg,2935,79016,41000,160,0,1,
B738,VIDP,737-8HG,"Boeing 737-8HG",VT-AXR,,https://cdn.jetphotos.com/full/6/93845_1611410165.jpg,2935,79016,41000,160,0,1,
B738,VNKT,737-8HG,"Boeing 737-8HG",VT-AXT,,https://cdn.jetphotos.com/full/6/38790_1597968097.jpg,2935,79016,41000,160,0,1,
B738,VABB,737-8HG,"Boeing 737-8HG",VT-AXU,,https://cdn.jetphotos.com/full/5/10933_1564567990.jpg,2935,79016,41000,160,0,1,
B738,VIDP,737-8HG,"Boeing 737-8HG",VT-AXX,,https://cdn.jetphotos.com/full/5/42992_1612877322.jpg,2935,79016,41000,160,0,1,
B738,VIDP,737-8HG,"Boeing 737-8HG",VT-AXZ,,https://cdn.jetphotos.com/full/5/19053_1588293246.jpg,2935,79016,41000,160,0,1,
B738,VIDP,737-8HG,"Boeing 737-8HG",VT-AYA,,https://cdn.jetphotos.com/full/6/70844_1620193263.jpg,2935,79016,41000,160,0,1,
B738,VOCI,737-8HG,"Boeing 737-8HG",VT-AYB,,https://cdn.jetphotos.com/full/5/54057_1605953563.jpg,2935,79016,41000,160,0,1,
B738,VIDP,737-8HG,"Boeing 737-8HG",VT-AYC,,https://cdn.jetphotos.com/full/6/93724_1608149340.jpg,2935,79016,41000,160,0,1,
B738,VOCI,737-8HG,"Boeing 737-8HG",VT-AYD,,https://cdn.jetphotos.com/full/6/70778_1605285154.jpg,2935,79016,41000,160,0,1,
B738,VOBL,737-81M,"Boeing 737-81M",VT-SLN,,VT-SLN,2935,79016,41000,160,0,1,
B738,OMDB,737-81M,"Boeing 737-81M",VT-SLO,,VT-SLO,2935,79016,41000,160,0,1,
B738,VOBL,737-82R,"Boeing 737-82R",TC-TJR,,,2935,79016,41000,160,0,1,
B738,VIDP,737-85R,"Boeing 737-85R",VT-SXA,,VT-SXA,2935,79016,41000,160,0,1,
B738,VIDP,737-85R,"Boeing 737-85R",VT-SXD,,VT-SXD,2935,79016,41000,160,0,1,
B738,VIDP,737-85R,"Boeing 737-85R",VT-SXE,,VT-SXE,2935,79016,41000,160,0,1,
B738,VAGO,737-85R,"Boeing 737-85R",VT-SYA,,VT-SYA,2935,79016,41000,160,0,1,
B738,VABB,737-85R,"Boeing 737-85R",VT-SYB,,VT-SYB,2935,79016,41000,160,0,1,
B738,VOBL,737-85R,"Boeing 737-85R",VT-SYC,,VT-SYC,2935,79016,41000,160,0,1,
B738,VIDP,737-85R,"Boeing 737-85R",VT-SYE,,VT-SYE,2935,79016,41000,160,0,1,
B738,VIDP,737-85R,"Boeing 737-85R",VT-SYF,,VT-SYF,2935,79016,41000,160,0,1,
B738,VIDP,737-85R,"Boeing 737-85R",VT-SYG,,VT-SYG,2935,79016,41000,160,0,1,
B738,VIDP,737-85R,"Boeing 737-85R",VT-SYH,,VT-SYH,2935,79016,41000,160,0,1,
B738,VIDP,737-85R,"Boeing 737-85R",VT-SYN,,VT-SYN,2935,79016,41000,160,0,1,
B738,VIDP,737-85R,"Boeing 737-85R",VT-SYW,,VT-SYW,2935,79016,41000,160,0,1,
B738,VIDP,737-85R,"Boeing 737-85R",VT-SYX,,VT-SYX,2935,79016,41000,160,0,1,
B738,VIDP,737-85R,"Boeing 737-85R",VT-SYY,,VT-SYY,2935,79016,41000,160,0,1,
B738,VCBI,737-85R,"Boeing 737-85R",VT-SYZ,,VT-SYZ,2935,79016,41000,160,0,1,
B738,OMDB,737-86J,"Boeing 737-86J",TC-COE,,,2935,79016,41000,160,0,1,
B738,VOPB,737-86J,"Boeing 737-86J",VT-SGJ,,VT-SGJ,2935,79016,41000,160,0,1,
B738,VIDP,737-86J,"Boeing 737-86J",VT-SZM,,VT-SZM,2935,79016,41000,160,0,1,
B738,VISR,737-86N,"Boeing 737-86N",VT-SPP,,VT-SPP,2935,79016,41000,160,0,1,
B738,VEPT,737-86N,"Boeing 737-86N",VT-SYV,,VT-SYV,2935,79016,41000,160,0,1,
B738,VOTV,737-8AL,"Boeing 737-8AL",VT-SYQ,,VT-SYQ,2935,79016,41000,160,0,1,
B738,VABB,737-8AL,"Boeing 737-8AL",VT-SYR,,VT-SYR,2935,79016,41000,160,0,1,
B738,VOML,737-8AL,"Boeing 737-8AL",VT-SYS,,VT-SYS,2935,79016,41000,160,0,1,
B738,VIDP,737-8AS,"Boeing 737-8AS",VT-SLF,,VT-SLF,2935,79016,41000,160,0,1,
B738,VIDP,737-8AS,"Boeing 737-8AS",VT-SLG,,VT-SLG,2935,79016,41000,160,0,1,
B738,VIDP,737-8AS,"Boeing 737-8AS",VT-SLH,,VT-SLH,2935,79016,41000,160,0,1,
B738,VIDP,737-8AS,"Boeing 737-8AS",VT-SYI,,VT-SYI,2935,79016,41000,160,0,1,
B738,VIDP,737-8AS,"Boeing 737-8AS",VT-SYJ,,VT-SYJ,2935,79016,41000,160,0,1,
B738,VIDP,737-8EH,"Boeing 737-8EH",VT-SLJ,,VT-SLJ,2935,79016,41000,160,0,1,
B738,VIDP,737-8EH,"Boeing 737-8EH",VT-SLL,,VT-SLL,2935,79016,41000,160,0,1,
B738,VTSP,737-8EH,"Boeing 737-8EH",VT-SLM,,VT-SLM,2935,79016,41000,160,0,1,
B738,VIDP,737-8GJ,"Boeing 737-8GJ",VT-SGG,,VT-SGG,2935,79016,41000,160,0,1,
B738,VIDP,737-8GJ,"Boeing 737-8GJ",VT-SGH,,VT-SGH,2935,79016,41000,160,0,1,
B738,VIDP,737-8GJ,"Boeing 737-8GJ",VT-SGQ,,VT-SGQ,2935,79016,41000,160,0,1,
B738,VIDP,737-8GJ,"Boeing 737-8GJ",VT-SGV,,VT-SGV,2935,79016,41000,160,0,1,
B738,VIDP,737-8GJ,"Boeing 737-8GJ",VT-SGX,,VT-SGX,2935,79016,41000,160,0,1,
B738,OMDB,737-8GJ,"Boeing 737-8GJ",VT-SGY,,VT-SGY,2935,79016,41000,160,0,1,
B738,VOMM,737-8GJ,"Boeing 737-8GJ",VT-SZA,,VT-SZA,2935,79016,41000,160,0,1,
B738,VIDP,737-8GJ,"Boeing 737-8GJ",VT-SZB,,VT-SZB,2935,79016,41000,160,0,1,
B738,VIDP,737-8GJ,"Boeing 737-8GJ",VT-SZI,,VT-SZI,2935,79016,41000,160,0,1,
B738,VCBI,737-8GJ,"Boeing 737-8GJ",VT-SZJ,,VT-SZJ,2935,79016,41000,160,0,1,
B738,VIDP,737-8HC,"Boeing 737-8HC",TC-TJT,,,2935,79016,41000,160,0,1,
B738,OMDB,737-8K9,"Boeing 737-8K9",VT-SXB,,VT-SXB,2935,79016,41000,160,0,1,
B738,VIDP,737-8K9,"Boeing 737-8K9",VT-SXC,,VT-SXC,2935,79016,41000,160,0,1,
B738,VOCB,737-8SH,"Boeing 737-8SH",TC-COR,,,2935,79016,41000,160,0,1,
B738,VABB,737-8SH,"Boeing 737-8SH",VT-SZN,,VT-SZN,2935,79016,41000,160,0,1,
B738,VIDP,737-8V3,"Boeing 737-8V3",VT-SLI,,VT-SLI,2935,79016,41000,160,0,1,
B739,VIDP,737-95R,"Boeing 737-95R",VT-SF8,,VT-SF8,2950,85139,41000,177,0,1,
B739,VRMM,B737-900,"Boeing 737-900",VT-SF30,,VT-SF30,2935,85000,41000,215,0,1,
B739,VIDP,B737-MAX9,"Boeing 737-Max 9",VT-SF33,,VT-SF33,3550,88314,41000,220,0,1,
B739,VAPO,B737-MAX10,"Boeing 737-Max 10",VT-SF34,,VT-SF34,3300,89765,41000,230,0,1,
B739,VABB,737-95R,"Boeing 737-95R",VT-SYL,,VT-SYL,2950,85139,41000,177,0,1,
B739,VOBL,737-9GJ(ER),"Boeing 737-9GJ(ER)",VT-SLC,,VT-SLC,2950,85139,41000,177,0,1,
B739,VOGO,737-9GJ(ER),"Boeing 737-9GJ(ER)",VT-SLD,,VT-SLD,2950,85139,41000,177,0,1,
B739,VIDP,737-9GJ(ER),"Boeing 737-9GJ(ER)",VT-SPU,,VT-SPU,2950,85139,41000,177,0,1,
B739,VIDP,737-9GJ(ER),"Boeing 737-9GJ(ER)",VT-SZL,,VT-SZL,2950,85139,41000,177,0,1,
B744,EGLL,747-437,"Boeing 747-437",VT-SF9,,VT-SF9,7285,396890,43000,416,0,1,
B744,VIDP,747-437,"Boeing 747-437",VT-ESP,,https://cdn.jetphotos.com/full/5/62882_1618260564.jpg,7285,396890,43000,416,0,1,
B744,VABB,747-437,"Boeing 747-437",VT-EVB,,https://cdn.jetphotos.com/full/5/68292_1619772976.jpg,7285,396890,43000,416,0,1,
B744,VOBL,B747-400,"Boeing 747-400",VT-SF35,,VT-SF35,7285,396893,41000,416,0,1,
B744,ZSPD,B747-400F,"Boeing 747-400F",VT-SF36,,VT-SF36,4455,396893,39000,8,230000,1,
B748,LSZH,B748-I,"Boeing 747-800I",VT-SF37,,VT-SF37,7730,447700,43000,605,0,1,
B748,VOBL,B748-F,"Boeing 747-800F",VT-SF38,,VT-SF38,4120,447700,43000,12,250000,1,
B752,VIDP,B757-200,"Boeing 757-200",VT-SF39,,VT-SF39,3915,115600,42000,239,0,1,
B752,VIDP,B757-200F,"Boeing 757-200F",VT-SF40,,VT-SF40,2935,115600,42000,5,60000,1,
B752,VIDP,B757-200F,"Boeing 757-200F",VT-DBA,,VT-SF40,2935,115600,42000,5,60000,1,
B752,VIDP,B757-200F,"Boeing 757-200F",VT-DBB,,VT-SF40,2935,115600,42000,5,60000,1,
B752,VIDP,B757-200F,"Boeing 757-200F",VT-DBM,,VT-SF40,2935,115600,42000,5,60000,1,
B752,VIDP,B757-200F,"Boeing 757-200F",VT-DBN,,VT-SF40,2935,115600,42000,5,60000,1,
B752,VIDP,B757-200F,"Boeing 757-200F",VT-DBO,,VT-SF40,2935,115600,42000,5,60000,1,
B752,VIDP,B757-200F,"Boeing 757-200F",VT-DBQ,,VT-SF40,2935,115600,42000,5,60000,1,
B752,VIDP,B757-200F,"Boeing 757-200F",VT-BDA,,VT-SF40,2935,115600,42000,5,60000,1,
B752,VIDP,B757-200F,"Boeing 757-200F",VT-BDB,,VT-SF40,2935,115600,42000,5,60000,1,
B752,VIDP,B757-200F,"Boeing 757-200F",VT-BDM,,VT-SF40,2935,115600,42000,5,60000,1,
B752,VIDP,B757-200F,"Boeing 757-200F",VT-BDN,,VT-SF40,2935,115600,42000,5,60000,1,
B752,VIDP,B757-200F,"Boeing 757-200F",VT-BDO,,VT-SF40,2935,115600,42000,5,60000,1,
B752,VIDP,B757-200F,"Boeing 757-200F",VT-BDQ,,VT-SF40,2935,115600,42000,5,60000,1,
B753,VIDP,B757-300,"Boeing 757-300",VT-SF41,,VT-SF41,3400,123830,42000,295,0,1,
B763,VRMM,B767-300,"Boeing 767-300ER",VT-SF42,,VT-SF42,5980,186900,39000,290,0,1,
B763,VIDP,B767-300F,"Boeing 767-300ERF",VT-SF43,,VT-SF43,5980,186900,43000,24,110000,1,
B764,VIDP,B767-400,"Boeing 767-400ER",VT-SF44,,VT-SF44,5625,204100,43000,375,0,1,
B772,VIAR,B777-200,"Boeing 777-200",VT-SF45,,VT-SF45,5240,247200,43000,313,0,1,
B778,VASU,B777-800,"Boeing 777-8X",VT-SF47,,VT-SF47,8730,351500,43000,384,0,1,
B779,VIDP,B777-900,"Boeing 777-9X",VT-SF48,,VT-SF48,7285,351500,43000,426,0,1,
B77L,KSFO,777-237(LR),"Boeing 777-237(LR)",VT-ALF,,https://cdn.jetphotos.com/full/6/53887_1618543422.jpg,8555,347452,43100,301,36000,1,
B77L,KSFO,777-237(LR),"Boeing 777-237(LR)",VT-ALH,,https://cdn.jetphotos.com/full/6/94159_1614284505.jpg,8555,347452,43100,301,36000,1,
B77L,ORBI,B777-200LR,"Boeing 777-200LR",VT-SF49,,VT-SF49,8555,347452,43000,317,0,1,
B77L,OMDB,B777-200F,"Boeing 777-200F",VT-SF50,,VT-SF50,4970,347815,43000,12,280000,1,
B77W,VIDP,777-300ER,"Boeing 777-300ER",VT-ALX,,https://cdn.jetphotos.com/full/5/56707_1622438438.jpg,7370,351533,43100,365,36000,1,
B77W,VIDP,777-300ER,"Boeing 777-300ER",VT-ALJ,,https://cdn.jetphotos.com/full/6/69868_1619918908.jpg,7370,351533,43100,365,36000,1,
B77W,VIDP,777-300ER,"Boeing 777-300ER",VT-ALK,,https://cdn.jetphotos.com/full/6/53763_1608475610.jpg,7370,351533,43100,365,36000,1,
B77W,VIDP,777-300ER,"Boeing 777-300ER",VT-ALL,,https://cdn.jetphotos.com/full/5/85920_1589612029.jpg,7370,351533,43100,365,36000,1,
B77W,VIDP,777-300ER,"Boeing 777-300ER",VT-ALM,,https://cdn.jetphotos.com/full/6/85733_1597498042.jpg,7370,351533,43100,365,36000,1,
B77W,VIDP,777-300ER,"Boeing 777-300ER",VT-ALN,,https://cdn.jetphotos.com/full/5/28056_1615349118.jpg,7370,351533,43100,365,36000,1,
B77W,OEJN,777-300ER,"Boeing 777-300ER",VT-ALW,,https://cdn.jetphotos.com/full/6/29489_1591219400.jpg,7370,370000,43100,368,36000,1,
B77W,VOMM,777-300ER,"Boeing 777-300ER",VT-ALO,,https://cdn.jetphotos.com/full/5/92022_1619826006.jpg,7370,351533,43100,365,36000,1,
B77W,VANP,777-300ER,"Boeing 777-300ER",VT-ALP,,https://cdn.jetphotos.com/full/5/50413_1613722619.jpg,7370,351533,43100,365,36000,1,
B77W,VIDP,777-300ER,"Boeing 777-300ER",VT-ALR,,https://cdn.jetphotos.com/full/5/76897_1614493273.jpg,7370,351533,43100,365,36000,1,
B77W,VECC,777-300ER,"Boeing 777-300ER",VT-ALS,,https://cdn.jetphotos.com/full/6/72614_1617604094.jpg,7370,351533,43100,365,36000,1,
B77W,WMKK,777-300ER,"Boeing 777-300ER",VT-ALU,,https://cdn.jetphotos.com/full/6/89757_1581911680.jpg,7370,351533,43100,365,36000,1,
B77W,VTBS,B777-300ER,"Boeing 777-300ER",VT-SF46,,VT-SF46,6030,299370,43000,396,0,1,
B77W,OMDB,B777-300ER,"Boeing 777-300ER",VT-SF51,,VT-SF51,7370,351533,43000,396,0,1,
B788,VIDP,"787-8 DREAML","Boeing 787-8 Dreamliner",VT-ANC,,https://cdn.jetphotos.com/full/6/21986_1621710887.jpg,7355,227930,43000,242,0,1,
B788,VIDP,"787-8 DREAML","Boeing 787-8 Dreamliner",VT-AND,,https://cdn.jetphotos.com/full/5/89704_1621746301.jpg,7355,227930,43000,242,0,1,
B788,OMDB,"787-8 DREAML","Boeing 787-8 Dreamliner",VT-ANE,,https://cdn.jetphotos.com/full/5/11829_1621946131.jpg,7355,227930,43000,242,0,1,
B788,VIDP,"787-8 DREAML","Boeing 787-8 Dreamliner",VT-ANG,,https://cdn.jetphotos.com/full/5/99608_1615149017.jpg,7355,227930,43000,242,0,1,
B788,VIDP,"787-8 DREAML","Boeing 787-8 Dreamliner",VT-ANH,,https://cdn.jetphotos.com/full/6/50112_1610118095.jpg,7355,227930,43000,242,0,1,
B788,VIDP,"787-8 DREAML","Boeing 787-8 Dreamliner",VT-ANI,,https://cdn.jetphotos.com/full/5/31820_1621889081.jpg,7355,227930,43000,242,0,1,
B788,VIDP,"787-8 DREAML","Boeing 787-8 Dreamliner",VT-ANK,,https://cdn.jetphotos.com/full/6/32475_1621195129.jpg,7355,227930,43000,242,0,1,
B788,VIDP,"787-8 DREAML","Boeing 787-8 Dreamliner",VT-ANL,,https://cdn.jetphotos.com/full/5/75846_1617913337.jpg,7355,227930,43000,242,0,1,
B788,VIDP,"787-8 DREAML","Boeing 787-8 Dreamliner",VT-ANM,,https://cdn.jetphotos.com/full/5/69196_1622121970.jpg,7355,227930,43000,242,0,1,
B788,VIDP,"787-8 DREAML","Boeing 787-8 Dreamliner",VT-ANN,,https://cdn.jetphotos.com/full/6/52508_1615238023.jpg,7355,227930,43000,242,0,1,
B788,LOWW,"787-8 DREAML","Boeing 787-8 Dreamliner",VT-ANO,,https://cdn.jetphotos.com/full/6/34922_1620934170.jpg,7355,227930,43000,242,0,1,
B788,VABB,"787-8 DREAML","Boeing 787-8 Dreamliner",VT-ANQ,,https://cdn.jetphotos.com/full/6/78408_1611537665.jpg,7355,227930,43000,242,0,1,
B788,KJFK,"787-8 DREAML","Boeing 787-8 Dreamliner",VT-ANR,,https://cdn.jetphotos.com/full/5/70976_1618704624.jpg,7355,227930,43000,242,0,1,
B788,VTBS,"787-8 DREAML","Boeing 787-8 Dreamliner",VT-ANS,,https://cdn.jetphotos.com/full/6/46465_1615232927.jpg,7355,227930,43000,242,0,1,
B788,VABB,"787-8 DREAML","Boeing 787-8 Dreamliner",VT-ANT,,https://cdn.jetphotos.com/full/6/71979_1613172962.jpg,7355,227930,43000,242,0,1,
B788,VIDP,"787-8 DREAML","Boeing 787-8 Dreamliner",VT-ANU,,https://cdn.jetphotos.com/full/6/89777_1622659464.jpg,7355,227930,43000,242,0,1,
B788,VIDP,"787-8 DREAML","Boeing 787-8 Dreamliner",VT-ANV,,https://cdn.jetphotos.com/full/5/49407_1620414468.jpg,7355,227930,43000,242,0,1,
B788,VIDP,"787-8 DREAML","Boeing 787-8 Dreamliner",VT-ANW,,https://cdn.jetphotos.com/full/6/92939_1620814872.jpg,7355,227930,43000,242,0,1,
B788,VIDP,"787-8 DREAML","Boeing 787-8 Dreamliner",VT-ANX,,https://cdn.jetphotos.com/full/6/79758_1618559234.jpg,7355,227930,43000,242,0,1,
B788,VIDP,"787-8 DREAML","Boeing 787-8 Dreamliner",VT-ANY,,https://cdn.jetphotos.com/full/5/91600_1620547108.jpg,7355,227930,43000,242,0,1,
B788,VIDP,"787-8 DREAML","Boeing 787-8 Dreamliner",VT-ANZ,,https://cdn.jetphotos.com/full/5/35849_1620547145.jpg,7355,227930,43000,242,0,1,
B788,VIAR,"787-8 DREAML","Boeing 787-8 Dreamliner",VT-NAC,,https://cdn.jetphotos.com/full/5/77196_1619688608.jpg,7355,227930,43000,242,0,1,
B788,KMIA,B787-8,"Boeing 787-8 Dreamliner",VT-SF52,,VT-SF52,7355,227930,43000,359,0,1,
B789,SBGR,B787-9,"Boeing 787-9 Dreamliner",VT-SF53,,VT-SF53,7635,254011,43000,406,0,1,
B78X,VIDP,B787-10,"Boeing 787-10 Dreamliner",VT-SF54,,VT-SF54,6430,254011,43000,440,0,1,
BCS1,VIDP,A220-100,"Airbus A220-100",VT-SF05,,VT-SF05,3400,61000,41000,135,0,1,
BCS3,VIDP,A220-300,"Airbus A220-300",VT-SF06,,VT-SF06,3350,61000,41000,160,0,1,
BE58,VIDP,BE58,"Beechcraft Baron 58",VT-SF58,,VT-SF58,1084,2313,19700,5,0,1,
C152,CYPK,C152,"Cessna 152",VT-SF55,,VT-SF55,477,1000,14700,2,0,1,
C17,VAPO,"C-17 GLOBEMA","Boeing C-17",CB-8002,,,2420,282500,45000,134,170900,1,
C17,VIDP,"C17 IAF","C-17A Globemaster III",F-262,,,"2420 NM","282500 lbs","45000 ft",3,170900,1,
C172,VIDP,"CESSNA 172 R","Cessna 172 R - Aero Club of India",VT-ACO,,,450,1400,90,4,200,1,
C172,VOPC,"CESSNA 172SP","CESSNA 172SP",VT-S2FD,,VT-S2FD,700,700,12000,4,0,1,
C172,VOTX,C172SP,"CESSNA 172",VT-CAL,"https://static.wixstatic.com/media/eedb7d_501c962c2a95403ba9f8ddc72cd9e47a~mv2.jpg/v1/fill/w_980,h_551,al_c,q_85,usm_0.66_1.00_0.01/eedb7d_501c962c2a95403ba9f8ddc72cd9e47a~mv2.webp",https://cdn.jetphotos.com/full/6/33869_1620484848.jpg,700,700,12000,4,200,1,
C172,CYPK,C172,"Cessna 172",VT-SF56,,VT-SF56,801,1400,13500,3,0,1,
C25C,VIDP,"CESSNA CITAT","Cessna Citation CJ4",VT-KRN,,VT-KRN,2165,17110,45000,10,2220,1,
C550,VIDP,"CITATION II","Cessna Citation II",G-XFHU,,,1711,4853,40000,8,0,1,
C550,VELP,"CITATION II","Cessna Citation II",N46637,,,1711,4853,40000,8,0,1,
CRJ7,VIDP,CRJ-700,"BOMBARDIER Regional Jet CRJ-700",VT-RJC,,VT-RJC,0,0,0,68,5375,1,
CS3,VIDP,A220,"Airbus A220",VT-SF62,,,0,0,0,220,0,1,
D228,VNVT,"DO 228","Dornier Do 228",VT-AAI,,,1468,8598,25000,21,0,1,
DA42,VIDP,"DIAMOND DA42","Diamond DA42 Twin Star",VT-FGI,,,"1400 NM","1251 Kg","18000 ft",2,0,1,
DH8D,VIDP,"DASH 8 Q400","Bombardier Dash 8 Q400",VT-SUJ,,VT-SUJ,1100,30481,25000,82,0,1,
DH8D,VIDP,"DASH 8 Q400","Bombardier Dash 8 Q400",VT-SUK,,VT-SUK,1100,30481,25000,82,0,1,
DH8D,VIDP,"DASH 8 Q400","Bombardier Dash 8 Q400",VT-SUL,,VT-SUL,1100,30481,25000,82,0,1,
DH8D,VAJB,"DASH 8 Q400","Bombardier Dash 8 Q400",VT-SUM,,VT-SUM,1100,30481,25000,82,0,1,
DH8D,VIDP,"DASH 8 Q400","Bombardier Dash 8 Q400",VT-SUO,,VT-SUO,1100,30481,25000,82,0,1,
DH8D,VIDP,"DASH 8 Q400","Bombardier Dash 8 Q400",VT-SUP,,VT-SUP,1100,30481,25000,82,0,1,
DH8D,VIDP,"DASH 8 Q400","Bombardier Dash 8 Q400",VT-SUQ,,VT-SUQ,1100,30481,25000,82,0,1,
DH8D,VIDP,"DASH 8 Q400","Bombardier Dash 8 Q400",VT-SUR,,VT-SUR,1100,30481,25000,82,0,1,
DH8D,VIDP,"DASH 8 Q400","Bombardier Dash 8 Q400",VT-SUS,,VT-SUS,1100,30481,25000,82,0,1,
DH8D,VECC,"DASH 8 Q400","Bombardier Dash 8 Q400",VT-SUT,,VT-SUT,1100,30481,25000,82,0,1,
DH8D,VIDP,"DASH 8 Q400","Bombardier Dash 8 Q400",VT-SUV,,VT-SUV,1100,30481,25000,82,0,1,
DH8D,VIDP,"DASH 8 Q400","Bombardier Dash 8 Q400",VT-SUW,,VT-SUW,1100,30481,25000,82,0,1,
DH8D,VOBL,"DASH 8 Q400","Bombardier Dash 8 Q400",VT-SUX,,VT-SUX,1100,30481,25000,82,0,1,
DH8D,VIDP,"DASH 8 Q400","Bombardier Dash 8 Q400",VT-SUY,,VT-SUY,1100,30481,25000,82,0,1,
DH8D,VIDP,"DASH 8 Q400","Bombardier Dash 8 Q400",VT-SQI,,VT-SQI,1100,30481,25000,82,0,1,
DH8D,VIDP,"DASH 8 Q400","Bombardier Dash 8 Q400",VT-SQJ,,VT-SQJ,1100,30481,25000,82,0,1,
DH8D,VIDP,"DASH 8 Q400","Bombardier Dash 8 Q400",VT-SQA,,VT-SQA,1100,30481,25000,82,0,1,
DH8D,VOML,"DASH 8 Q400","Bombardier Dash 8 Q400",VT-SQB,,VT-SQB,1100,30481,25000,82,0,1,
DH8D,VOMM,"DASH 8 Q400","Bombardier Dash 8 Q400",VT-SQC,,VT-SQC,1100,30481,25000,82,0,1,
DH8D,VIDP,"DASH 8 Q400","Bombardier Dash 8 Q400",VT-SQD,,VT-SQD,1100,30481,25000,82,0,1,
DH8D,VIDP,"DASH 8 Q400","Bombardier Dash 8 Q400",VT-SQE,,VT-SQE,1100,30481,25000,82,0,1,
DH8D,VIDP,"DASH 8 Q400","Bombardier Dash 8 Q400",VT-SQF,,VT-SQF,1100,30481,25000,82,0,1,
DH8D,VIDP,"DASH 8 Q400","Bombardier Dash 8 Q400",VT-SQG,,VT-SQG,1100,30481,25000,82,0,1,
DH8D,VIDP,"DASH 8 Q400","Bombardier Dash 8 Q400",VT-SQH,,VT-SQH,1100,30481,25000,82,0,1,
DH8D,VIDP,"DASH 8 Q400","Bombardier Dash 8 Q400",VT-SUB,,VT-SUB,1100,30481,25000,82,0,1,
DH8D,VIBN,"DASH 8 Q400","Bombardier Dash 8 Q400",VT-SUE,,VT-SUE,1100,30481,25000,82,0,1,
DH8D,VIDP,"DASH 8 Q400","Bombardier Dash 8 Q400",VT-SUF,,VT-SUF,1100,30481,25000,82,0,1,
DH8D,VEMN,"DASH 8 Q400","Bombardier Dash 8 Q400",VT-SUG,,VT-SUG,1100,30481,25000,82,0,1,
DH8D,VOMM,"DASH 8 Q400","Bombardier Dash 8 Q400",VT-SUI,,VT-SUI,1100,30481,25000,82,0,1,
E55P,VIDP,PHENOM-300,"Embraer Phenom-300",N337QS,,,2010,11583,45000,10,529,1,
M20T,VIDP,M20P,"Mooney Acclaim M20 Ultra",VT-SF59,,VT-SF59,1100,1528,25000,5,0,1,
MD81,VIDP,"MCDONNELL DO","McDonnell Douglas MD-80",N-02929,,,"2900 NM","79700 lbs","37000 ft",155,63241,1,
P-40,VIDP,"CURTISS P-40","Curtiss P-40 Warhawk ",N-123CV,,,622,5922,29100,1,3000,1,Captain
PA28,VIDP,PA-28-180,"Piper PA-28",N1701C,,,465,1201,14300,3,500,1,
PC12,VERC,"PILATUS PC12","Pilatus PC-12",N9875,,,1514,4500,30000,9,0,1,
PC12,VISM,"PILATUS PC12","Pilatus PC-12",D-FCAH,,,1514,4500,30000,9,0,0,
PC12,VIDP,PC-12NG,"Pilatus PC-12",VT-SF60,,VT-SF60,2123,4740,30000,9,0,1,
SU30,KJFK,"SUKHOI S30","Sukhoi SU-30 MKI",SB-117,,,1600,40565,56800,2,40000,1,
